Name,Price,Availability,Url Link
KitchenAid Semi-Automatic Espresso Machine - KES6403,349.99,In stock,https://www.walmart.com/ip/KitchenAid-Semi-Automatic-Espresso-Machine-KES6403/615473361
"Mr. Coffee New One-Touch CoffeeHouse Espresso, Cappuccino, and Latte Maker, Grey",349.99,In stock,https://www.walmart.com/ip/Mr-Coffee-New-One-Touch-CoffeeHouse-Espresso-Cappuccino-and-Latte-Maker-Grey/580411813
Mr. Coffee New Cafe Barista Black & Silver Premium Espresso/Latte/Cappuccino Maker,199.99,In stock,https://www.walmart.com/ip/Mr-Coffee-New-Cafe-Barista-Black-Silver-Premium-Espresso-Latte-Cappuccino-Maker/24293168
"Chefman Digital Espresso Machine with Milk Frother, 15 Bar, Silver Stainless Steel, New",147.39,In stock,https://www.walmart.com/ip/Chefman-Digital-Espresso-Machine-with-Milk-Frother-15-Bar-Silver-Stainless-Steel-New/238492691
"Newest Touch Screen Imusa Espresso Maker Fully Automatic Espresso Machine w/ Milk Frother, Coffee Milk Espresso Maker",418.99,In stock,https://www.walmart.com/ip/Newest-Touch-Screen-Imusa-Espresso-Maker-Fully-Automatic-Espresso-Machine-w-Milk-Frother-Coffee-Milk-Espresso-Maker/1063928722
"Mr. Coffee Caf Steam Automatic Espresso and Cappuccino Machine, 20 oz, Silver",89.44,In stock,https://www.walmart.com/ip/Mr-Coffee-Caf-Steam-Automatic-Espresso-and-Cappuccino-Machine-20-oz-Silver/169775663
"Hipresso Programmable Super-automatic Espresso Coffee Machine with Large 7 inches HD TFT Display for Brewing Americano,Cappuccino, Latte, Macchiato,Flat White, Espresso",764.99,In stock,https://www.walmart.com/ip/Hipresso-Programmable-Super-automatic-Espresso-Coffee-Machine-Large-7-inches-HD-TFT-Display-Brewing-Americano-Cappuccino-Latte-Macchiato-Flat-White/264148077?athbdg=L1700
Concierge Fully Automatic Bean to Cup Espresso Machine,449.99,In stock,https://www.walmart.com/ip/Concierge-Fully-Automatic-Bean-to-Cup-Espresso-Machine/310876109
Philips 3200 Series Fully Automatic Espresso Machine w/ Milk Frother,767.15,In stock,https://www.walmart.com/ip/Philips-3200-Series-Fully-Automatic-Espresso-Machine-w-Milk-Frother/693637682
Espressione Stainless Steel Automatic Pump Espresso Machine with Thermo Block,199.99,In stock,https://www.walmart.com/ip/Espressione-Stainless-Steel-Automatic-Pump-Espresso-Machine-with-Thermo-Block/795733262
"Hipresso Programmable Super-automatic Espresso Coffee Machine with Large 7 inches HD TFT Display for Brewing Americano,Cappuccino, Latte, Macchiato,Flat White, Espresso",764.99,In stock,https://www.walmart.com/ip/Hipresso-Programmable-Super-automatic-Espresso-Coffee-Machine-Large-7-inches-HD-TFT-Display-Brewing-Americano-Cappuccino-Latte-Macchiato-Flat-White/264148077?athbdg=L1700
"Delonghi Digital S Automatic Espresso Machine, Cappuccino Maker - ECAM25462S (Certified Grade A)",999.95,In stock,https://www.walmart.com/ip/Delonghi-Digital-S-Automatic-Espresso-Machine-Cappuccino-Maker-ECAM25462S-Certified-Grade-A/675404411
"Espresso Machine, 19 Bar Espresso Maker with Burr Grinder and Automatic Cleaning, Automatic Coffee Machine for Espresso, Americano, Long Coffee, TE1127",589.99,In stock,https://www.walmart.com/ip/Espresso-Machine-19-Bar-Maker-Burr-Grinder-Automatic-Cleaning-Coffee-Machine-Espresso-Americano-Long-Coffee-TE1127/767221960
"SESSLIFE Automatic Espresso Machine, 19-Bar Pressure Pump Coffee Machine, Black Espresso Maker with Milk Frother, Burr Grinder and Automatic Cleaning, TE1100",709.99,In stock,https://www.walmart.com/ip/SESSLIFE-Automatic-Espresso-Machine-19-Bar-Pressure-Pump-Coffee-Black-Maker-Milk-Frother-Burr-Grinder-Cleaning-TE1100/240375157
"Delonghi Digital S Automatic Espresso Machine, Cappuccino Maker - ECAM25462S (Certified Grade A)",999.95,In stock,https://www.walmart.com/ip/Delonghi-Digital-S-Automatic-Espresso-Machine-Cappuccino-Maker-ECAM25462S-Certified-Grade-A/675404411
"Chefman Digital Espresso Machine with Milk Frother, 15 Bar, Silver Stainless Steel, New",147.39,In stock,https://www.walmart.com/ip/Chefman-Digital-Espresso-Machine-with-Milk-Frother-15-Bar-Silver-Stainless-Steel-New/238492691
"Fully Automatic Espresso and Cappuccino Machine with Milk Tank, Latte and Mocha, Black",890.99,In stock,https://www.walmart.com/ip/Fully-Automatic-Espresso-and-Cappuccino-Machine-with-Milk-Tank-Latte-and-Mocha-Black/381895185
KitchenAid Semi-Automatic Espresso Machine - KES6403,349.99,In stock,https://www.walmart.com/ip/KitchenAid-Semi-Automatic-Espresso-Machine-KES6403/615473361
GEVI Silver Stainless Steel 15 Bar Espresso Machine 2 Shot Pump Cappuccino Maker New Condition,134.99,In stock,https://www.walmart.com/ip/GEVI-Silver-Stainless-Steel-15-Bar-Espresso-Machine-2-Shot-Pump-Cappuccino-Maker-New-Condition/309843660
"Delonghi ECAM23120SB Magnifica S Express Super Automatic Espresso Machine, Silver (Certified Used)",699.95,In stock,https://www.walmart.com/ip/Delonghi-ECAM23120SB-Magnifica-S-Express-Super-Automatic-Espresso-Machine-Silver-Certified-Used/961545147
GEVI Silver Stainless Steel 15 Bar Espresso Machine 2 Shot Pump Cappuccino Maker New Condition,134.99,In stock,https://www.walmart.com/ip/GEVI-Silver-Stainless-Steel-15-Bar-Espresso-Machine-2-Shot-Pump-Cappuccino-Maker-New-Condition/309843660
"Delonghi ECAM23120SB Magnifica S Express Super Automatic Espresso Machine, Silver (Certified Used)",699.95,In stock,https://www.walmart.com/ip/Delonghi-ECAM23120SB-Magnifica-S-Express-Super-Automatic-Espresso-Machine-Silver-Certified-Used/961545147
"Mr. Coffee 20 Ounce Automatic Steam Espresso, Cappuccino Brew Machine Starter Kit",109.99,In stock,https://www.walmart.com/ip/Mr-Coffee-20-Ounce-Automatic-Steam-Espresso-Cappuccino-Brew-Machine-Starter-Kit/930495030
"Mr. Coffee Espresso and Cappuccino Machine, Programmable Coffee Maker with Automatic Milk Frother and 19-Bar Pump, Stainless Steel",331.99,In stock,https://www.walmart.com/ip/Mr-Coffee-Espresso-and-Cappuccino-Machine-Programmable-Coffee-Maker-with-Automatic-Milk-Frother-and-19-Bar-Pump-Stainless-Steel/2722835040
Hipresso Super-automatic Espresso Coffee Machine with Large 7 inches HD TFT Display,799.99,In stock,https://www.walmart.com/ip/Hipresso-Super-automatic-Espresso-Coffee-Machine-with-Large-7-inches-HD-TFT-Display/503848498
"Suzicca Dafino-202 Fully Automatic Espresso Machine with milk tank, Black",746.98,In stock,https://www.walmart.com/ip/Suzicca-Dafino-202-Fully-Automatic-Espresso-Machine-with-milk-tank-Black/554075528
"205 Professional Automatic Espresso Machine with Milk Frother/Steam Wand for Home, Office Espresso Maker, Latte and Cappuccino, Stainless Steel, 1.7L, Silver",1018.98,In stock,https://www.walmart.com/ip/205-Professional-Automatic-Espresso-Machine-Milk-Frother-Steam-Wand-Home-Office-Maker-Latte-Cappuccino-Stainless-Steel-1-7L-Silver/2603624345
"Espresso Machine with Frother, Automatic Coffee Maker with Filter, 15 Bar Espresso Makers for Home Office, Latte Machine with Button Panel and 4 Beverage Options, Black, LLL3434",629.99,In stock,https://www.walmart.com/ip/Espresso-Machine-Frother-Automatic-Coffee-Maker-Filter-15-Bar-Makers-Home-Office-Latte-Button-Panel-4-Beverage-Options-Black-LLL3434/416511920
"SEGMART Espresso Machine, 4-in-1 Modern Commercial Automatic Coffee Maker with HD Touch Screen, 19 Bar Fast Heating Cappuccino Coffee Maker with 57.49 Oz Removable Water Reservoir, Silver, SS1077",649.99,In stock,https://www.walmart.com/ip/SEGMART-Espresso-Machine-4-in-1-Modern-Commercial-Automatic-Coffee-Maker-HD-Touch-Screen-19-Bar-Fast-Heating-Cappuccino-57-49-Oz-Removable-Water-Rese/622623668
"Fully Automatic Espresso Machine With Milk Frother For Home&Office Use, Super Coffee Maker With Grinder,Smart Touch Screen 19 Bar",634.8,In stock,https://www.walmart.com/ip/Fully-Automatic-Espresso-Machine-With-Milk-Frother-For-Home-Office-Use-Super-Coffee-Maker-With-Grinder-Smart-Touch-Screen-19-Bar/1441991245
"OuterNest Dafino-202 Fully Automatic Espresso Machine, One touch Coffee Machine with Automatic Milk Frother for Cappuccino & Latte, Stainles",665.99,In stock,https://www.walmart.com/ip/OuterNest-Dafino-202-Fully-Automatic-Espresso-Machine-One-touch-Coffee-Machine-with-Automatic-Milk-Frother-for-Cappuccino-Latte-Stainles/1377997479
"DeLonghi Magnifica XS Super-Automatic Espresso Machine, Black - ECAM22110B (Certified Used)",699.95,In stock,https://www.walmart.com/ip/DeLonghi-Magnifica-XS-Super-Automatic-Espresso-Machine-Black-ECAM22110B-Certified-Used/920460095
KitchenAid Metal Semi-Automatic Espresso Machine - KES6503,329,In stock,https://www.walmart.com/ip/KitchenAid-Metal-Semi-Automatic-Espresso-Machine-KES6503/610444862
"Espresso Machine with Grinder, Automatic Coffee Machine, Professional Espresso Coffee Machine with Programmable Options, Abort Function and Frothing, Perfect for Home Cafe, TE1104",709.99,In stock,https://www.walmart.com/ip/Espresso-Machine-Grinder-Automatic-Coffee-Machine-Professional-Programmable-Options-Abort-Function-Frothing-Perfect-Home-Cafe-TE1104/226239746
KitchenAid Semi-Automatic Espresso Machine - KES6403,485.53,In stock,https://www.walmart.com/ip/KitchenAid-Semi-Automatic-Espresso-Machine-KES6403/307503743
"Fully Automatic Espresso Machine w/ Milk Frother, Black",639.99,In stock,https://www.walmart.com/ip/Fully-Automatic-Espresso-Machine-w-Milk-Frother-Black/715613908
"DeLonghi Magnifica XS Super-Automatic Espresso Machine, Black - ECAM22110B (Certified Used)",699.95,In stock,https://www.walmart.com/ip/DeLonghi-Magnifica-XS-Super-Automatic-Espresso-Machine-Black-ECAM22110B-Certified-Used/920460095
KitchenAid Metal Semi-Automatic Espresso Machine - KES6503,626.92,In stock,https://www.walmart.com/ip/KitchenAid-Metal-Semi-Automatic-Espresso-Machine-KES6503/745562213
"BNVEED Espresso and Cappuccino Machine, Programmable Coffee Maker with Automatic Milk Frother and 15-Bar Pump, Stainless Steel",179.99,In stock,https://www.walmart.com/ip/BNVEED-Espresso-and-Cappuccino-Machine-Programmable-Coffee-Maker-with-Automatic-Milk-Frother-and-15-Bar-Pump-Stainless-Steel/2563830512
"Casabrews Espresso Machine with Milk Frother Steam Wand, 20 Bar Pump Stainless Steel Professional Cappuccino and Latte Coffee Machine, New, Silver",125.99,In stock,https://www.walmart.com/ip/Casabrews-Espresso-Machine-with-Milk-Frother-Steam-Wand-20-Bar-Pump-Stainless-Steel-Professional-Cappuccino-and-Latte-Coffee-Machine-New-Silver/401211155?athbdg=L1900
"IM Beauty 6 Grades Adjustable System- Dafino-206 Fully Automatic Espresso Machine, Stainless Steel ,Home Commercial Office All-in-One Coffee Machine,Black",660,In stock,https://www.walmart.com/ip/IM-Beauty-6-Grades-Adjustable-System-Dafino-206-Fully-Automatic-Espresso-Machine-Stainless-Steel-Home-Commercial-Office-All-in-One-Coffee-Machine-Bla/1557872923
"Barsetto Koolatron Barsetto One-Touch Automatic Espresso Coffee Machine, Black and Stainless Steel-Finish:Black",140.77,In stock,https://www.walmart.com/ip/Barsetto-Koolatron-Barsetto-One-Touch-Automatic-Espresso-Coffee-Machine-Black-and-Stainless-Steel-Finish-Black/141930404
"Super Automatic Espresso Machine & Coffee Machine, Black",920.61,In stock,https://www.walmart.com/ip/Super-Automatic-Espresso-Machine-Coffee-Machine-Black/2265613903
"Fully Automatic Espresso Machine w/ Milk Frother, Black, Coffee maker",963.44,In stock,https://www.walmart.com/ip/Fully-Automatic-Espresso-Machine-w-Milk-Frother-Black-Coffee-maker/2895630645
"SESSLIFE Fully Automatic Coffee Espresso Maker, Professional Espresso Espresso Machine with Milk Frother, Grinder, Perfect for Home Cafe, Black, TE1101",709.99,In stock,https://www.walmart.com/ip/SESSLIFE-Fully-Automatic-Coffee-Espresso-Maker-Professional-Machine-Milk-Frother-Grinder-Perfect-Home-Cafe-Black-TE1101/264718150
"SESSLIFE Coffee Espresso Maker, Fully Automatic Espresso Machine, Coffee Maker with Milk Frother, Grinder and Automatic Cleaning, Produce 8 Kinds Coffee Drinks, Black, TE1107",709.99,In stock,https://www.walmart.com/ip/SESSLIFE-Coffee-Espresso-Maker-Fully-Automatic-Machine-Maker-Milk-Frother-Grinder-Cleaning-Produce-8-Kinds-Drinks-Black-TE1107/397949170
"Fully Automatic Espresso Machine with Milk Tank, Coffee Maker with Make 8 Kinds of Beverage Function, Black",699.99,In stock,https://www.walmart.com/ip/Fully-Automatic-Espresso-Machine-with-Milk-Tank-Coffee-Maker-with-Make-8-Kinds-of-Beverage-Function-Black/535576763
"Dafino-205 Fully Automatic Espresso Machine, Black",611.42,In stock,https://www.walmart.com/ip/Dafino-205-Fully-Automatic-Espresso-Machine-Black/2621471979
"Fithood Dafino-202 Fully Automatic Espresso Machine, Black",670.21,In stock,https://www.walmart.com/ip/Fithood-Dafino-202-Fully-Automatic-Espresso-Machine-Black/1784653342
"YOMYM-202 Fully Automatic Espresso Machine, One touch Coffee Machine with Automatic Milk Frother for Cappuccino & Latte, Stainless Steel, Black",1180,In stock,https://www.walmart.com/ip/YOMYM-202-Fully-Automatic-Espresso-Machine-One-touch-Coffee-Machine-with-Automatic-Milk-Frother-for-Cappuccino-Latte-Stainless-Steel-Black/1124953555
KitchenAid Semi-Automatic Espresso Machine - KES6403,349.99,In stock,https://www.walmart.com/ip/KitchenAid-Semi-Automatic-Espresso-Machine-KES6403/615473361
"Mr. Coffee New One-Touch CoffeeHouse Espresso, Cappuccino, and Latte Maker, Grey",349.99,In stock,https://www.walmart.com/ip/Mr-Coffee-New-One-Touch-CoffeeHouse-Espresso-Cappuccino-and-Latte-Maker-Grey/580411813
Mr. Coffee New Cafe Barista Black & Silver Premium Espresso/Latte/Cappuccino Maker,199.99,In stock,https://www.walmart.com/ip/Mr-Coffee-New-Cafe-Barista-Black-Silver-Premium-Espresso-Latte-Cappuccino-Maker/24293168?athbdg=L1100
"Chefman Digital Espresso Machine with Milk Frother, 15 Bar, Silver Stainless Steel, New",147.39,In stock,https://www.walmart.com/ip/Chefman-Digital-Espresso-Machine-with-Milk-Frother-15-Bar-Silver-Stainless-Steel-New/238492691?athbdg=L1100
"Casabrews Espresso Machine with Milk Frother Steam Wand, 20 Bar Pump Stainless Steel Professional Cappuccino and Latte Coffee Machine, New, Silver",125.99,In stock,https://www.walmart.com/ip/Casabrews-Espresso-Machine-with-Milk-Frother-Steam-Wand-20-Bar-Pump-Stainless-Steel-Professional-Cappuccino-and-Latte-Coffee-Machine-New-Silver/401211155?athbdg=L1900
"IM Beauty 6 Grades Adjustable System- Dafino-206 Fully Automatic Espresso Machine, Stainless Steel ,Home Commercial Office All-in-One Coffee Machine,Black",660,In stock,https://www.walmart.com/ip/IM-Beauty-6-Grades-Adjustable-System-Dafino-206-Fully-Automatic-Espresso-Machine-Stainless-Steel-Home-Commercial-Office-All-in-One-Coffee-Machine-Bla/1557872923
"Barsetto Koolatron Barsetto One-Touch Automatic Espresso Coffee Machine, Black and Stainless Steel-Finish:Black",140.77,In stock,https://www.walmart.com/ip/Barsetto-Koolatron-Barsetto-One-Touch-Automatic-Espresso-Coffee-Machine-Black-and-Stainless-Steel-Finish-Black/141930404
"Super Automatic Espresso Machine & Coffee Machine, Black",920.61,In stock,https://www.walmart.com/ip/Super-Automatic-Espresso-Machine-Coffee-Machine-Black/2265613903
"Fully Automatic Espresso Machine w/ Milk Frother, Black, Coffee maker",963.44,In stock,https://www.walmart.com/ip/Fully-Automatic-Espresso-Machine-w-Milk-Frother-Black-Coffee-maker/2895630645
"SESSLIFE Fully Automatic Coffee Espresso Maker, Professional Espresso Espresso Machine with Milk Frother, Grinder, Perfect for Home Cafe, Black, TE1101",709.99,In stock,https://www.walmart.com/ip/SESSLIFE-Fully-Automatic-Coffee-Espresso-Maker-Professional-Machine-Milk-Frother-Grinder-Perfect-Home-Cafe-Black-TE1101/264718150
"Hipresso Programmable Super-automatic Espresso Coffee Machine with Large 7 inches HD TFT Display for Brewing Americano,Cappuccino, Latte, Macchiato,Flat White, Espresso",764.99,In stock,https://www.walmart.com/ip/Hipresso-Programmable-Super-automatic-Espresso-Coffee-Machine-Large-7-inches-HD-TFT-Display-Brewing-Americano-Cappuccino-Latte-Macchiato-Flat-White/264148077?athbdg=L1700
"Delonghi Digital S Automatic Espresso Machine, Cappuccino Maker - ECAM25462S (Certified Grade A)",999.95,In stock,https://www.walmart.com/ip/Delonghi-Digital-S-Automatic-Espresso-Machine-Cappuccino-Maker-ECAM25462S-Certified-Grade-A/675404411
KitchenAid Semi-Automatic Espresso Machine - KES6403,349.99,In stock,https://www.walmart.com/ip/KitchenAid-Semi-Automatic-Espresso-Machine-KES6403/615473361
"Mr. Coffee New One-Touch CoffeeHouse Espresso, Cappuccino, and Latte Maker, Grey",349.99,In stock,https://www.walmart.com/ip/Mr-Coffee-New-One-Touch-CoffeeHouse-Espresso-Cappuccino-and-Latte-Maker-Grey/580411813
Mr. Coffee New Cafe Barista Black & Silver Premium Espresso/Latte/Cappuccino Maker,199.99,In stock,https://www.walmart.com/ip/Mr-Coffee-New-Cafe-Barista-Black-Silver-Premium-Espresso-Latte-Cappuccino-Maker/24293168?athbdg=L1100
"Chefman Digital Espresso Machine with Milk Frother, 15 Bar, Silver Stainless Steel, New",147.39,In stock,https://www.walmart.com/ip/Chefman-Digital-Espresso-Machine-with-Milk-Frother-15-Bar-Silver-Stainless-Steel-New/238492691?athbdg=L1100
"Automatic Coffee Machine, 4-in-1 Commercial Espresso Machine with Foaming Milk Frother Wand, 19 Bar Fast Heating Cappuccino Maker with 57.49 Oz Removable Water Reservoir for Kitchen Office, SS1092",615.77,In stock,https://www.walmart.com/ip/Automatic-Coffee-Machine-4-in-1-Commercial-Espresso-Machine-Foaming-Milk-Frother-Wand-19-Bar-Fast-Heating-Cappuccino-Maker-57-49-Oz-Removable-Water-R/928407452
"FSROLTPI Espresso Machine 20 Bar, Semi-Automatic Expresso Coffee Machine with Milk Frother, Espresso and Cappuccino Maker, 1.5L/50oz Removable Water Tank, 1050W, Espresso Maker for Home Barista,",123.74,In stock,https://www.walmart.com/ip/FSROLTPI-Espresso-Machine-20-Bar-Semi-Automatic-Expresso-Coffee-Milk-Frother-Cappuccino-Maker-1-5L-50oz-Removable-Water-Tank-1050W-Maker-Home-Barista/1307065829
PinShang Automatic Espresso Machine 6-mode Adjustable Home Office Coffee Machine For Making 8 Kinds Of Drinks,722.19,In stock,https://www.walmart.com/ip/PinShang-Automatic-Espresso-Machine-6-mode-Adjustable-Home-Office-Coffee-Machine-For-Making-8-Kinds-Of-Drinks/1838896158
"Abanopi Dafino-202 Fully Automatic Espresso Machine with milk tank, Black",823.99,In stock,https://www.walmart.com/ip/Abanopi-Dafino-202-Fully-Automatic-Espresso-Machine-with-milk-tank-Black/1780324634
"Dafino-205 Fully Automatic Espresso Machine w/ Milk Frother, Black",674.99,In stock,https://www.walmart.com/ip/Dafino-205-Fully-Automatic-Espresso-Machine-w-Milk-Frother-Black/553150213
"Kmowoo Dafino-202 Fully Automatic Espresso Machine, Black",838.99,In stock,https://www.walmart.com/ip/Kmowoo-Dafino-202-Fully-Automatic-Espresso-Machine-Black/1008857605
"Hipresso Programmable Super-automatic Espresso Coffee Machine with Large 7 inches HD TFT Display for Brewing Americano,Cappuccino, Latte, Macchiato,Flat White, Espresso",764.99,In stock,https://www.walmart.com/ip/Hipresso-Programmable-Super-automatic-Espresso-Coffee-Machine-Large-7-inches-HD-TFT-Display-Brewing-Americano-Cappuccino-Latte-Macchiato-Flat-White/264148077?athbdg=L1700
"Delonghi Digital S Automatic Espresso Machine, Cappuccino Maker - ECAM25462S (Certified Grade A)",999.95,In stock,https://www.walmart.com/ip/Delonghi-Digital-S-Automatic-Espresso-Machine-Cappuccino-Maker-ECAM25462S-Certified-Grade-A/675404411
KitchenAid Semi-Automatic Espresso Machine - KES6403,349.99,In stock,https://www.walmart.com/ip/KitchenAid-Semi-Automatic-Espresso-Machine-KES6403/615473361
"Mr. Coffee New One-Touch CoffeeHouse Espresso, Cappuccino, and Latte Maker, Grey",349.99,In stock,https://www.walmart.com/ip/Mr-Coffee-New-One-Touch-CoffeeHouse-Espresso-Cappuccino-and-Latte-Maker-Grey/580411813
Mr. Coffee New Cafe Barista Black & Silver Premium Espresso/Latte/Cappuccino Maker,199.99,In stock,https://www.walmart.com/ip/Mr-Coffee-New-Cafe-Barista-Black-Silver-Premium-Espresso-Latte-Cappuccino-Maker/24293168?athbdg=L1100
"Chefman Digital Espresso Machine with Milk Frother, 15 Bar, Silver Stainless Steel, New",147.39,In stock,https://www.walmart.com/ip/Chefman-Digital-Espresso-Machine-with-Milk-Frother-15-Bar-Silver-Stainless-Steel-New/238492691?athbdg=L1100
"Espresso Machine with Grinder, Automatic Coffee Machine, Professional Espresso Coffee Machine with Programmable Options, Abort Function and Frothing, Perfect for Home Cafe, TE1098",709.99,In stock,https://www.walmart.com/ip/Espresso-Machine-Grinder-Automatic-Coffee-Machine-Professional-Programmable-Options-Abort-Function-Frothing-Perfect-Home-Cafe-TE1098/472978668
"super-automatic espresso coffee machine with an adjustable grinder, double boiler, milk frothermaker for brewing espresso, cappuccino, latte, macchiato & Flat",655.99,In stock,https://www.walmart.com/ip/super-automatic-espresso-coffee-machine-adjustable-grinder-double-boiler-milk-frothermaker-brewing-espresso-cappuccino-latte-macchiato-Flat/1251735322
"Fully Automatic Espresso Machine with milk tank, Black,Coffee maker",1082.97,In stock,https://www.walmart.com/ip/Fully-Automatic-Espresso-Machine-with-milk-tank-Black-Coffee-maker/2933771237
Jura E6 Automatic Espresso Machine (Piano White),1587,In stock,https://www.walmart.com/ip/Jura-E6-Automatic-Espresso-Machine-Piano-White/826313135
"Fully Automatic Multifunction Coffee Machine, Espresso Grinder, Home All in One Coffee Machine",918.99,In stock,https://www.walmart.com/ip/Fully-Automatic-Multifunction-Coffee-Machine-Espresso-Grinder-Home-All-in-One-Coffee-Machine/1976141844
"Automatic Espresso Machine, 15Bar Pressure Pump Coffee Maker with Milk Frother",623.99,In stock,https://www.walmart.com/ip/Automatic-Espresso-Machine-15Bar-Pressure-Pump-Coffee-Maker-with-Milk-Frother/721675007
"Hipresso Programmable Super-automatic Espresso Coffee Machine with Large 7 inches HD TFT Display for Brewing Americano,Cappuccino, Latte, Macchiato,Flat White, Espresso",764.99,In stock,https://www.walmart.com/ip/Hipresso-Programmable-Super-automatic-Espresso-Coffee-Machine-Large-7-inches-HD-TFT-Display-Brewing-Americano-Cappuccino-Latte-Macchiato-Flat-White/264148077?athbdg=L1700
"Delonghi Digital S Automatic Espresso Machine, Cappuccino Maker - ECAM25462S (Certified Grade A)",999.95,In stock,https://www.walmart.com/ip/Delonghi-Digital-S-Automatic-Espresso-Machine-Cappuccino-Maker-ECAM25462S-Certified-Grade-A/675404411
KitchenAid Semi-Automatic Espresso Machine - KES6403,349.99,In stock,https://www.walmart.com/ip/KitchenAid-Semi-Automatic-Espresso-Machine-KES6403/615473361
"Mr. Coffee New One-Touch CoffeeHouse Espresso, Cappuccino, and Latte Maker, Grey",349.99,In stock,https://www.walmart.com/ip/Mr-Coffee-New-One-Touch-CoffeeHouse-Espresso-Cappuccino-and-Latte-Maker-Grey/580411813
Mr. Coffee New Cafe Barista Black & Silver Premium Espresso/Latte/Cappuccino Maker,199.99,In stock,https://www.walmart.com/ip/Mr-Coffee-New-Cafe-Barista-Black-Silver-Premium-Espresso-Latte-Cappuccino-Maker/24293168?athbdg=L1100
"Chefman Digital Espresso Machine with Milk Frother, 15 Bar, Silver Stainless Steel, New",147.39,In stock,https://www.walmart.com/ip/Chefman-Digital-Espresso-Machine-with-Milk-Frother-15-Bar-Silver-Stainless-Steel-New/238492691?athbdg=L1100
"Dafino-202 Fully Automatic Espresso Machine, With Automatic Milk Foaming System Function,Black",746.99,In stock,https://www.walmart.com/ip/Dafino-202-Fully-Automatic-Espresso-Machine-With-Automatic-Milk-Foaming-System-Function-Black/1373759039
"Eccomum Dafino-205 Fully Automatic Espresso Machine w/ Milk Frother, Black",686.78,In stock,https://www.walmart.com/ip/Eccomum-Dafino-205-Fully-Automatic-Espresso-Machine-w-Milk-Frother-Black/173629982
CUH 15 Bar Machiato Espresso Machine Fully Automatic New Coffee Makers W/ Milk Frother Latte Cappuccino Machines 1300W Dining Room Kitchen,686.29,In stock,https://www.walmart.com/ip/CUH-15-Bar-Machiato-Espresso-Machine-Fully-Automatic-New-Coffee-Makers-W-Milk-Frother-Latte-Cappuccino-Machines-1300W-Dining-Room-Kitchen/1208576207
Philips GranBaristo Super-Automatic Espresso Machine,3672.38,In stock,https://www.walmart.com/ip/Philips-GranBaristo-Super-Automatic-Espresso-Machine/45957277
"Suzicca Dafino-205 Fully Automatic Espresso Machine w/ Milk Frother, Silver",665.66,In stock,https://www.walmart.com/ip/Suzicca-Dafino-205-Fully-Automatic-Espresso-Machine-w-Milk-Frother-Silver/1002377379
Jura S8 Automatic Coffee & Espresso Machine | Moonlight Silver,2898.95,In stock,https://www.walmart.com/ip/Jura-S8-Automatic-Coffee-Espresso-Machine-Moonlight-Silver/374467170
"Hipresso Programmable Super-automatic Espresso Coffee Machine with Large 7 inches HD TFT Display for Brewing Americano,Cappuccino, Latte, Macchiato,Flat White, Espresso",764.99,In stock,https://www.walmart.com/ip/Hipresso-Programmable-Super-automatic-Espresso-Coffee-Machine-Large-7-inches-HD-TFT-Display-Brewing-Americano-Cappuccino-Latte-Macchiato-Flat-White/264148077?athbdg=L1700
"Delonghi Digital S Automatic Espresso Machine, Cappuccino Maker - ECAM25462S (Certified Grade A)",999.95,In stock,https://www.walmart.com/ip/Delonghi-Digital-S-Automatic-Espresso-Machine-Cappuccino-Maker-ECAM25462S-Certified-Grade-A/675404411
KitchenAid Semi-Automatic Espresso Machine - KES6403,349.99,In stock,https://www.walmart.com/ip/KitchenAid-Semi-Automatic-Espresso-Machine-KES6403/615473361
"Mr. Coffee New One-Touch CoffeeHouse Espresso, Cappuccino, and Latte Maker, Grey",349.99,In stock,https://www.walmart.com/ip/Mr-Coffee-New-One-Touch-CoffeeHouse-Espresso-Cappuccino-and-Latte-Maker-Grey/580411813
Mr. Coffee New Cafe Barista Black & Silver Premium Espresso/Latte/Cappuccino Maker,199.99,In stock,https://www.walmart.com/ip/Mr-Coffee-New-Cafe-Barista-Black-Silver-Premium-Espresso-Latte-Cappuccino-Maker/24293168?athbdg=L1100
"Chefman Digital Espresso Machine with Milk Frother, 15 Bar, Silver Stainless Steel, New",147.39,In stock,https://www.walmart.com/ip/Chefman-Digital-Espresso-Machine-with-Milk-Frother-15-Bar-Silver-Stainless-Steel-New/238492691?athbdg=L1100
"Nespresso Vertuo Coffee and Espresso Machine by De'Longhi with Aeroccino, Black",183.12,In stock,https://www.walmart.com/ip/Nespresso-Vertuo-Coffee-and-Espresso-Machine-by-De-Longhi-with-Aeroccino-Black/961805891?athbdg=L1100
"Dafino-202 Fully Automatic Espresso Machine, Black",813.19,In stock,https://www.walmart.com/ip/Dafino-202-Fully-Automatic-Espresso-Machine-Black/353801513
"KALEFU Fully Automatic Espresso Coffee Machine with Milk Frother, Black",753.29,In stock,https://www.walmart.com/ip/KALEFU-Fully-Automatic-Espresso-Coffee-Machine-with-Milk-Frother-Black/623419404
FOOING Fully Automatic Espresso Machine Coffee Machine,819.99,In stock,https://www.walmart.com/ip/FOOING-Fully-Automatic-Espresso-Machine-Coffee-Machine/810410529
"MABOTO Dafino-202 Fully Automatic Espresso Machine with milk tank, Black",771.21,In stock,https://www.walmart.com/ip/MABOTO-Dafino-202-Fully-Automatic-Espresso-Machine-with-milk-tank-Black/551678568
Yipa 19Bar Machiato Cappuccino Machines Fully Automatic New Espresso Machine With Milk Tank Stainless Steel Coffee Makers 1300W Home Bar,783.78,In stock,https://www.walmart.com/ip/Yipa-19Bar-Machiato-Cappuccino-Machines-Fully-Automatic-New-Espresso-Machine-With-Milk-Tank-Stainless-Steel-Coffee-Makers-1300W-Home-Bar/1810308130
"Hipresso Programmable Super-automatic Espresso Coffee Machine with Large 7 inches HD TFT Display for Brewing Americano,Cappuccino, Latte, Macchiato,Flat White, Espresso",764.99,In stock,https://www.walmart.com/ip/Hipresso-Programmable-Super-automatic-Espresso-Coffee-Machine-Large-7-inches-HD-TFT-Display-Brewing-Americano-Cappuccino-Latte-Macchiato-Flat-White/264148077?athbdg=L1700
GEVI Silver Stainless Steel 15 Bar Espresso Machine 2 Shot Pump Cappuccino Maker New Condition,134.99,In stock,https://www.walmart.com/ip/GEVI-Silver-Stainless-Steel-15-Bar-Espresso-Machine-2-Shot-Pump-Cappuccino-Maker-New-Condition/309843660
KitchenAid Semi-Automatic Espresso Machine - KES6403,349.99,In stock,https://www.walmart.com/ip/KitchenAid-Semi-Automatic-Espresso-Machine-KES6403/615473361
"Mr. Coffee New One-Touch CoffeeHouse Espresso, Cappuccino, and Latte Maker, Grey",349.99,In stock,https://www.walmart.com/ip/Mr-Coffee-New-One-Touch-CoffeeHouse-Espresso-Cappuccino-and-Latte-Maker-Grey/580411813
Mr. Coffee New Cafe Barista Black & Silver Premium Espresso/Latte/Cappuccino Maker,199.99,In stock,https://www.walmart.com/ip/Mr-Coffee-New-Cafe-Barista-Black-Silver-Premium-Espresso-Latte-Cappuccino-Maker/24293168?athbdg=L1100
"Chefman Digital Espresso Machine with Milk Frother, 15 Bar, Silver Stainless Steel, New",147.39,In stock,https://www.walmart.com/ip/Chefman-Digital-Espresso-Machine-with-Milk-Frother-15-Bar-Silver-Stainless-Steel-New/238492691?athbdg=L1100
Goory 20 Bar New Cappuccino Machines Fully Automatic Machiato Coffee Makers Stainless Steel Espresso Maker Home Kitchen,123.96,In stock,https://www.walmart.com/ip/Goory-20-Bar-New-Cappuccino-Machines-Fully-Automatic-Machiato-Coffee-Makers-Stainless-Steel-Espresso-Maker-Home-Kitchen/1439223652
Goory 20 Bar New Espresso Maker Fully Automatic Machiato Cappuccino Machines Black Coffee Makers Home Kitchen,123.96,In stock,https://www.walmart.com/ip/Goory-20-Bar-New-Espresso-Maker-Fully-Automatic-Machiato-Cappuccino-Machines-Black-Coffee-Makers-Home-Kitchen/2676491913
Goory 20 Bar Machiato Coffee Makers Fully Automatic Latte Cappuccino Machines Stainless Steel Espresso Maker Home Kitchen,123.96,In stock,https://www.walmart.com/ip/Goory-20-Bar-Machiato-Coffee-Makers-Fully-Automatic-Latte-Cappuccino-Machines-Stainless-Steel-Espresso-Maker-Home-Kitchen/1548130098
Brew Rite Cleaner for Automatic Drip Coffee and Espresso Machines,12.44,In stock,https://www.walmart.com/ip/Brew-Rite-Cleaner-for-Automatic-Drip-Coffee-and-Espresso-Machines/881785
Jura Z10 Automatic Coffee & Espresso Machine | Diamond Black,3699,In stock,https://www.walmart.com/ip/Jura-Z10-Automatic-Coffee-Espresso-Machine-Diamond-Black/888483342
Yipa 20 Bar Black Espresso Maker Fully Automatic Silver Coffee Makers New Cappuccino Machines Home Kitchen,123.96,In stock,https://www.walmart.com/ip/Yipa-20-Bar-Black-Espresso-Maker-Fully-Automatic-Silver-Coffee-Makers-New-Cappuccino-Machines-Home-Kitchen/1818180791
"Hipresso Programmable Super-automatic Espresso Coffee Machine with Large 7 inches HD TFT Display for Brewing Americano,Cappuccino, Latte, Macchiato,Flat White, Espresso",764.99,In stock,https://www.walmart.com/ip/Hipresso-Programmable-Super-automatic-Espresso-Coffee-Machine-Large-7-inches-HD-TFT-Display-Brewing-Americano-Cappuccino-Latte-Macchiato-Flat-White/264148077?athbdg=L1700
GEVI Silver Stainless Steel 15 Bar Espresso Machine 2 Shot Pump Cappuccino Maker New Condition,134.99,In stock,https://www.walmart.com/ip/GEVI-Silver-Stainless-Steel-15-Bar-Espresso-Machine-2-Shot-Pump-Cappuccino-Maker-New-Condition/309843660
KitchenAid Semi-Automatic Espresso Machine - KES6403,349.99,In stock,https://www.walmart.com/ip/KitchenAid-Semi-Automatic-Espresso-Machine-KES6403/615473361
"Mr. Coffee New One-Touch CoffeeHouse Espresso, Cappuccino, and Latte Maker, Grey",349.99,In stock,https://www.walmart.com/ip/Mr-Coffee-New-One-Touch-CoffeeHouse-Espresso-Cappuccino-and-Latte-Maker-Grey/580411813
Mr. Coffee New Cafe Barista Black & Silver Premium Espresso/Latte/Cappuccino Maker,199.99,In stock,https://www.walmart.com/ip/Mr-Coffee-New-Cafe-Barista-Black-Silver-Premium-Espresso-Latte-Cappuccino-Maker/24293168?athbdg=L1100
"Chefman Digital Espresso Machine with Milk Frother, 15 Bar, Silver Stainless Steel, New",147.39,In stock,https://www.walmart.com/ip/Chefman-Digital-Espresso-Machine-with-Milk-Frother-15-Bar-Silver-Stainless-Steel-New/238492691?athbdg=L1100
Gosmartware Fully Automatic Espresso Machine Black,612.99,In stock,https://www.walmart.com/ip/Gosmartware-Fully-Automatic-Espresso-Machine-Black/1776390967
Gosmartware Fully Automatic Espresso Machine Black,699.99,In stock,https://www.walmart.com/ip/Gosmartware-Fully-Automatic-Espresso-Machine-Black/1922114202
"Dafino-206 Super Automatic Espresso & Coffee Machine, Black",692.4,In stock,https://www.walmart.com/ip/Dafino-206-Super-Automatic-Espresso-Coffee-Machine-Black/2240581015
"Suzicca Dafino-205 Fully Automatic Espresso Machine, Black",679.61,In stock,https://www.walmart.com/ip/Suzicca-Dafino-205-Fully-Automatic-Espresso-Machine-Black/682837101
"Dafino-205 Fully Automatic Espresso Machine W/ Milk Frother, Black",714.66,In stock,https://www.walmart.com/ip/Dafino-205-Fully-Automatic-Espresso-Machine-W-Milk-Frother-Black/1595931948
"TKSE  Dafino-205 Fully Automatic Espresso Machine, Black",685.99,In stock,https://www.walmart.com/ip/TKSE-Dafino-205-Fully-Automatic-Espresso-Machine-Black/1653726139
"Hipresso Programmable Super-automatic Espresso Coffee Machine with Large 7 inches HD TFT Display for Brewing Americano,Cappuccino, Latte, Macchiato,Flat White, Espresso",764.99,In stock,https://www.walmart.com/ip/Hipresso-Programmable-Super-automatic-Espresso-Coffee-Machine-Large-7-inches-HD-TFT-Display-Brewing-Americano-Cappuccino-Latte-Macchiato-Flat-White/264148077?athbdg=L1700
"Delonghi Digital S Automatic Espresso Machine, Cappuccino Maker - ECAM25462S (Certified Grade A)",999.95,In stock,https://www.walmart.com/ip/Delonghi-Digital-S-Automatic-Espresso-Machine-Cappuccino-Maker-ECAM25462S-Certified-Grade-A/675404411
KitchenAid Semi-Automatic Espresso Machine - KES6403,349.99,In stock,https://www.walmart.com/ip/KitchenAid-Semi-Automatic-Espresso-Machine-KES6403/615473361
"Mr. Coffee New One-Touch CoffeeHouse Espresso, Cappuccino, and Latte Maker, Grey",349.99,In stock,https://www.walmart.com/ip/Mr-Coffee-New-One-Touch-CoffeeHouse-Espresso-Cappuccino-and-Latte-Maker-Grey/580411813
Mr. Coffee New Cafe Barista Black & Silver Premium Espresso/Latte/Cappuccino Maker,199.99,In stock,https://www.walmart.com/ip/Mr-Coffee-New-Cafe-Barista-Black-Silver-Premium-Espresso-Latte-Cappuccino-Maker/24293168?athbdg=L1100
"Chefman Digital Espresso Machine with Milk Frother, 15 Bar, Silver Stainless Steel, New",147.39,In stock,https://www.walmart.com/ip/Chefman-Digital-Espresso-Machine-with-Milk-Frother-15-Bar-Silver-Stainless-Steel-New/238492691?athbdg=L1100
Portable Espresso Maker Circulating Extraction Mini Automatic Capsule Household Coffee Machine (Black),43.99,In stock,https://www.walmart.com/ip/Portable-Espresso-Maker-Circulating-Extraction-Mini-Automatic-Capsule-Household-Coffee-Machine-Black/1081203376
"Dafino-206 Fully Automatic Espresso Machine, Black",682.19,In stock,https://www.walmart.com/ip/Dafino-206-Fully-Automatic-Espresso-Machine-Black/882574845
"IM Beauty Dafino-206 Fully Automatic Espresso Machine, Black",659.99,In stock,https://www.walmart.com/ip/IM-Beauty-Dafino-206-Fully-Automatic-Espresso-Machine-Black/1354828293
"Meterk Dafino-202 Fully Automatic Espresso Machine with milk tank, Black",826.34,In stock,https://www.walmart.com/ip/Meterk-Dafino-202-Fully-Automatic-Espresso-Machine-with-milk-tank-Black/1444796667
"Fully Automatic Espresso Machine with milk tank, Black",732.89,In stock,https://www.walmart.com/ip/Fully-Automatic-Espresso-Machine-with-milk-tank-Black/763634780
"JOYJOO Espresso Machine 20 Bar, Semi-Automatic Expresso Coffee Machine with Milk Frother, Espresso and Cappuccino Maker, 1.5L/50oz Removable Water Tank, 1050W, Espresso Maker for Home Barista, Office",118.99,In stock,https://www.walmart.com/ip/JOYJOO-Espresso-Machine-20-Bar-Semi-Automatic-Expresso-Coffee-Milk-Frother-Cappuccino-Maker-1-5L-50oz-Removable-Water-Tank-1050W-Maker-Home-Barista-O/1277452389
"Hipresso Programmable Super-automatic Espresso Coffee Machine with Large 7 inches HD TFT Display for Brewing Americano,Cappuccino, Latte, Macchiato,Flat White, Espresso",764.99,In stock,https://www.walmart.com/ip/Hipresso-Programmable-Super-automatic-Espresso-Coffee-Machine-Large-7-inches-HD-TFT-Display-Brewing-Americano-Cappuccino-Latte-Macchiato-Flat-White/264148077?athbdg=L1700
"Delonghi Digital S Automatic Espresso Machine, Cappuccino Maker - ECAM25462S (Certified Grade A)",999.95,In stock,https://www.walmart.com/ip/Delonghi-Digital-S-Automatic-Espresso-Machine-Cappuccino-Maker-ECAM25462S-Certified-Grade-A/675404411
KitchenAid Semi-Automatic Espresso Machine - KES6403,349.99,In stock,https://www.walmart.com/ip/KitchenAid-Semi-Automatic-Espresso-Machine-KES6403/615473361
"Mr. Coffee New One-Touch CoffeeHouse Espresso, Cappuccino, and Latte Maker, Grey",349.99,In stock,https://www.walmart.com/ip/Mr-Coffee-New-One-Touch-CoffeeHouse-Espresso-Cappuccino-and-Latte-Maker-Grey/580411813
Mr. Coffee New Cafe Barista Black & Silver Premium Espresso/Latte/Cappuccino Maker,199.99,In stock,https://www.walmart.com/ip/Mr-Coffee-New-Cafe-Barista-Black-Silver-Premium-Espresso-Latte-Cappuccino-Maker/24293168?athbdg=L1100
"Chefman Digital Espresso Machine with Milk Frother, 15 Bar, Silver Stainless Steel, New",147.39,In stock,https://www.walmart.com/ip/Chefman-Digital-Espresso-Machine-with-Milk-Frother-15-Bar-Silver-Stainless-Steel-New/238492691?athbdg=L1100
Techtongda Home Commercial Electric Automatic Espresso Coffee Bean Grinder Burr Mill Machine Red,65,In stock,https://www.walmart.com/ip/Techtongda-Home-Commercial-Electric-Automatic-Espresso-Coffee-Bean-Grinder-Burr-Mill-Machine-Red/772429931
"Espresso Machine 20 Bar Coffee Machine With Foaming Milk Frother Wand, 950W High Performance No-Leaking 1.5L Removable Water Tank Coffee Maker For Espresso, Cappuccino, Latte, Machiato, For Home Bar",116.89,In stock,https://www.walmart.com/ip/Espresso-Machine-20-Bar-Coffee-Machine-Foaming-Milk-Frother-Wand-950W-High-Performance-No-Leaking-1-5L-Removable-Water-Tank-Coffee-Maker-Espresso-Cap/535369086
Wuzstar 4-in-1 Commercial Espresso Machine Electric Milk Foam Maker Steam Water Boiling Machine Stainless Steel 110V,340,In stock,https://www.walmart.com/ip/Wuzstar-4-in-1-Commercial-Espresso-Machine-Electric-Milk-Foam-Maker-Steam-Water-Boiling-Machine-Stainless-Steel-110V/1607397269?athbdg=L1700
OUNONA Bend Head Nylon Coffee Machine Cleaning Brush Cleaner Tools for Semi-automatic Espresso Coffee Maker Machine Outlet Filter (Black),4.99,In stock,https://www.walmart.com/ip/OUNONA-Bend-Head-Nylon-Coffee-Machine-Cleaning-Brush-Cleaner-Tools-for-Semi-automatic-Espresso-Coffee-Maker-Machine-Outlet-Filter-Black/118343857
"Nispira Water Filter Cartridge Replacement for KRUPS Coffee Maker Part F088. Fits Precise Tamp Espresso & Fully Automatic Machines Model XP5220, XP5240, XP5280, XP5620, EA82, EA9000, 2 Filters",18.99,In stock,https://www.walmart.com/ip/Nispira-Water-Filter-Cartridge-Replacement-KRUPS-Coffee-Maker-Part-F088-Fits-Precise-Tamp-Espresso-Fully-Automatic-Machines-Model-XP5220-XP5240-XP528/104939167
OUNONA Bend Head Nylon Coffee Machine Cleaning Brush Cleaner Tools for Semi-automatic Espresso Coffee Maker Machine Outlet Filter (Black),7.99,In stock,https://www.walmart.com/ip/OUNONA-Bend-Head-Nylon-Coffee-Machine-Cleaning-Brush-Cleaner-Tools-for-Semi-automatic-Espresso-Coffee-Maker-Machine-Outlet-Filter-Black/519491959
"Hipresso Programmable Super-automatic Espresso Coffee Machine with Large 7 inches HD TFT Display for Brewing Americano,Cappuccino, Latte, Macchiato,Flat White, Espresso",764.99,In stock,https://www.walmart.com/ip/Hipresso-Programmable-Super-automatic-Espresso-Coffee-Machine-Large-7-inches-HD-TFT-Display-Brewing-Americano-Cappuccino-Latte-Macchiato-Flat-White/264148077?athbdg=L1700
GEVI Silver Stainless Steel 15 Bar Espresso Machine 2 Shot Pump Cappuccino Maker New Condition,134.99,In stock,https://www.walmart.com/ip/GEVI-Silver-Stainless-Steel-15-Bar-Espresso-Machine-2-Shot-Pump-Cappuccino-Maker-New-Condition/309843660
KitchenAid Semi-Automatic Espresso Machine - KES6403,349.99,In stock,https://www.walmart.com/ip/KitchenAid-Semi-Automatic-Espresso-Machine-KES6403/615473361
"Mr. Coffee New One-Touch CoffeeHouse Espresso, Cappuccino, and Latte Maker, Grey",349.99,In stock,https://www.walmart.com/ip/Mr-Coffee-New-One-Touch-CoffeeHouse-Espresso-Cappuccino-and-Latte-Maker-Grey/580411813
Mr. Coffee New Cafe Barista Black & Silver Premium Espresso/Latte/Cappuccino Maker,199.99,In stock,https://www.walmart.com/ip/Mr-Coffee-New-Cafe-Barista-Black-Silver-Premium-Espresso-Latte-Cappuccino-Maker/24293168?athbdg=L1100
"Chefman Digital Espresso Machine with Milk Frother, 15 Bar, Silver Stainless Steel, New",147.39,In stock,https://www.walmart.com/ip/Chefman-Digital-Espresso-Machine-with-Milk-Frother-15-Bar-Silver-Stainless-Steel-New/238492691?athbdg=L1100
200Ml 4 Cups Stainless Steel Coffee Pot Moka Coffee Maker Teapot Filter Automatic Coffee Machine Espresso Machine,37.13,In stock,https://www.walmart.com/ip/200Ml-4-Cups-Stainless-Steel-Coffee-Pot-Moka-Coffee-Maker-Teapot-Filter-Automatic-Coffee-Machine-Espresso-Machine/2020790866
Coffee Pot Milk Jug for Coffee High Pressure Semi Automatic Coffee for Espresso Machine Accessories Steam Pipe Milk Bar,10.8,In stock,https://www.walmart.com/ip/Coffee-Pot-Milk-Jug-for-Coffee-High-Pressure-Semi-Automatic-Coffee-for-Espresso-Machine-Accessories-Steam-Pipe-Milk-Bar/1850455431
200Ml 4 Cups Stainless Steel Coffee Pot Moka Coffee Maker Teapot Filter Automatic Coffee Machine Espresso Machine,38.15,In stock,https://www.walmart.com/ip/200Ml-4-Cups-Stainless-Steel-Coffee-Pot-Moka-Coffee-Maker-Teapot-Filter-Automatic-Coffee-Machine-Espresso-Machine/1157741251
Moka Coffee Pot Aluminum Espresso Maker Easy to Use and Clean Automatic Coffee Machine Household,32.04,In stock,https://www.walmart.com/ip/Moka-Coffee-Pot-Aluminum-Espresso-Maker-Easy-to-Use-and-Clean-Automatic-Coffee-Machine-Household/929620631
Moka Coffee Pot Aluminum Espresso Maker Easy to Use and Clean Automatic Coffee Machine Household,23.65,In stock,https://www.walmart.com/ip/Moka-Coffee-Pot-Aluminum-Espresso-Maker-Easy-to-Use-and-Clean-Automatic-Coffee-Machine-Household/1773156248?athbdg=L1700
Intelligent Dosing for Espresso Semi-automatic Coffee Machine Black,15.66,In stock,https://www.walmart.com/ip/Intelligent-Dosing-for-Espresso-Semi-automatic-Coffee-Machine-Black/927693925
"Hipresso Programmable Super-automatic Espresso Coffee Machine with Large 7 inches HD TFT Display for Brewing Americano,Cappuccino, Latte, Macchiato,Flat White, Espresso",764.99,In stock,https://www.walmart.com/ip/Hipresso-Programmable-Super-automatic-Espresso-Coffee-Machine-Large-7-inches-HD-TFT-Display-Brewing-Americano-Cappuccino-Latte-Macchiato-Flat-White/264148077?athbdg=L1700
GEVI Silver Stainless Steel 15 Bar Espresso Machine 2 Shot Pump Cappuccino Maker New Condition,134.99,In stock,https://www.walmart.com/ip/GEVI-Silver-Stainless-Steel-15-Bar-Espresso-Machine-2-Shot-Pump-Cappuccino-Maker-New-Condition/309843660
KitchenAid Semi-Automatic Espresso Machine - KES6403,349.99,In stock,https://www.walmart.com/ip/KitchenAid-Semi-Automatic-Espresso-Machine-KES6403/615473361
"Mr. Coffee New One-Touch CoffeeHouse Espresso, Cappuccino, and Latte Maker, Grey",349.99,In stock,https://www.walmart.com/ip/Mr-Coffee-New-One-Touch-CoffeeHouse-Espresso-Cappuccino-and-Latte-Maker-Grey/580411813
Mr. Coffee New Cafe Barista Black & Silver Premium Espresso/Latte/Cappuccino Maker,199.99,In stock,https://www.walmart.com/ip/Mr-Coffee-New-Cafe-Barista-Black-Silver-Premium-Espresso-Latte-Cappuccino-Maker/24293168?athbdg=L1100
"Chefman Digital Espresso Machine with Milk Frother, 15 Bar, Silver Stainless Steel, New",147.39,In stock,https://www.walmart.com/ip/Chefman-Digital-Espresso-Machine-with-Milk-Frother-15-Bar-Silver-Stainless-Steel-New/238492691?athbdg=L1100
Espresso Machine Semi-automatic Coffee Machine Silicone Cleaning Brush,49.94,In stock,https://www.walmart.com/ip/Espresso-Machine-Semi-automatic-Coffee-Machine-Silicone-Cleaning-Brush/1579201129
LIKEM Espresso Machine Semi-automatic Coffee Machine Silicone Cleaning Brush,52.68,In stock,https://www.walmart.com/ip/LIKEM-Espresso-Machine-Semi-automatic-Coffee-Machine-Silicone-Cleaning-Brush/1994189941
2 Pcs Angled Head Nylon Coffee Machine Cleaning Brush Cleaner Tools for Semi-automatic Espresso Coffee Maker Machine Outlet Filter,8.99,In stock,https://www.walmart.com/ip/2-Pcs-Angled-Head-Nylon-Coffee-Machine-Cleaning-Brush-Cleaner-Tools-for-Semi-automatic-Espresso-Coffee-Maker-Machine-Outlet-Filter/1993414046
Ruibeauty Espresso Machine Semi-automatic Coffee Machine Silicone Cleaning Brush,13.22,In stock,https://www.walmart.com/ip/Ruibeauty-Espresso-Machine-Semi-automatic-Coffee-Machine-Silicone-Cleaning-Brush/1879550911?athbdg=L1700
"Jura Cleaning Tablets For All Jura-Capresso Espresso Machine and Automatic Coffee Centers, 12-Count",45.04,In stock,https://www.walmart.com/ip/Jura-Cleaning-Tablets-For-All-Jura-Capresso-Espresso-Machine-and-Automatic-Coffee-Centers-12-Count/1490229957
2 Pcs Angled Head Nylon Coffee Machine Cleaning Brush Cleaner Tools for Semi-automatic Espresso Coffee Maker Machine Outlet Filter,9.89,In stock,https://www.walmart.com/ip/2-Pcs-Angled-Head-Nylon-Coffee-Machine-Cleaning-Brush-Cleaner-Tools-for-Semi-automatic-Espresso-Coffee-Maker-Machine-Outlet-Filter/1406211739
"Hipresso Programmable Super-automatic Espresso Coffee Machine with Large 7 inches HD TFT Display for Brewing Americano,Cappuccino, Latte, Macchiato,Flat White, Espresso",764.99,In stock,https://www.walmart.com/ip/Hipresso-Programmable-Super-automatic-Espresso-Coffee-Machine-Large-7-inches-HD-TFT-Display-Brewing-Americano-Cappuccino-Latte-Macchiato-Flat-White/264148077?athbdg=L1700
GEVI Silver Stainless Steel 15 Bar Espresso Machine 2 Shot Pump Cappuccino Maker New Condition,134.99,In stock,https://www.walmart.com/ip/GEVI-Silver-Stainless-Steel-15-Bar-Espresso-Machine-2-Shot-Pump-Cappuccino-Maker-New-Condition/309843660
KitchenAid Semi-Automatic Espresso Machine - KES6403,349.99,In stock,https://www.walmart.com/ip/KitchenAid-Semi-Automatic-Espresso-Machine-KES6403/615473361
"Mr. Coffee New One-Touch CoffeeHouse Espresso, Cappuccino, and Latte Maker, Grey",349.99,In stock,https://www.walmart.com/ip/Mr-Coffee-New-One-Touch-CoffeeHouse-Espresso-Cappuccino-and-Latte-Maker-Grey/580411813
Mr. Coffee New Cafe Barista Black & Silver Premium Espresso/Latte/Cappuccino Maker,199.99,In stock,https://www.walmart.com/ip/Mr-Coffee-New-Cafe-Barista-Black-Silver-Premium-Espresso-Latte-Cappuccino-Maker/24293168?athbdg=L1100
"Chefman Digital Espresso Machine with Milk Frother, 15 Bar, Silver Stainless Steel, New",147.39,In stock,https://www.walmart.com/ip/Chefman-Digital-Espresso-Machine-with-Milk-Frother-15-Bar-Silver-Stainless-Steel-New/238492691?athbdg=L1100
ZOYONE Universal Backflush Insert for Semi-automatic Espresso Machine 58mm Applicable,7.77,In stock,https://www.walmart.com/ip/ZOYONE-Universal-Backflush-Insert-for-Semi-automatic-Espresso-Machine-58mm-Applicable/1450577553?athbdg=L1400
Espresso Machine Semi-automatic Coffee Machine Silicone Cleaning Brush,50.48,In stock,https://www.walmart.com/ip/Espresso-Machine-Semi-automatic-Coffee-Machine-Silicone-Cleaning-Brush/1660361445
Gerich Espresso Machine Semi-automatic Coffee Machine Silicone Cleaning Brush Black,33.89,In stock,https://www.walmart.com/ip/Gerich-Espresso-Machine-Semi-automatic-Coffee-Machine-Silicone-Cleaning-Brush-Black/2570295610
"Dafino-206 Super Automatic Espresso & Coffee Maker Machine, Black",585.15,In stock,https://www.walmart.com/ip/Dafino-206-Super-Automatic-Espresso-Coffee-Maker-Machine-Black/2217530837
Descaling Tablets and Cleaning Tablets for Jura-Capresso Automatic Coffee and Espresso machines Combi pack,63.53,In stock,https://www.walmart.com/ip/Descaling-Tablets-and-Cleaning-Tablets-for-Jura-Capresso-Automatic-Coffee-and-Espresso-machines-Combi-pack/1381344269
TTFcai Espresso Machines 20 Bar Fast Heating Automatic Cappuccino Coffee Maker with Foaming Milk Frother Wand for Espresso  1.2L Removable Water Tank  Double Temperature Control System 13,209.99,In stock,https://www.walmart.com/ip/TTFcai-Espresso-Machines-20-Bar-Fast-Heating-Automatic-Cappuccino-Coffee-Maker-Foaming-Milk-Frother-Wand-1-2L-Removable-Water-Tank-Double-Temperature/1374490786
"Hipresso Programmable Super-automatic Espresso Coffee Machine with Large 7 inches HD TFT Display for Brewing Americano,Cappuccino, Latte, Macchiato,Flat White, Espresso",764.99,In stock,https://www.walmart.com/ip/Hipresso-Programmable-Super-automatic-Espresso-Coffee-Machine-Large-7-inches-HD-TFT-Display-Brewing-Americano-Cappuccino-Latte-Macchiato-Flat-White/264148077?athbdg=L1700
"Delonghi Digital S Automatic Espresso Machine, Cappuccino Maker - ECAM25462S (Certified Grade A)",999.95,In stock,https://www.walmart.com/ip/Delonghi-Digital-S-Automatic-Espresso-Machine-Cappuccino-Maker-ECAM25462S-Certified-Grade-A/675404411
KitchenAid Semi-Automatic Espresso Machine - KES6403,349.99,In stock,https://www.walmart.com/ip/KitchenAid-Semi-Automatic-Espresso-Machine-KES6403/615473361
"Mr. Coffee New One-Touch CoffeeHouse Espresso, Cappuccino, and Latte Maker, Grey",349.99,In stock,https://www.walmart.com/ip/Mr-Coffee-New-One-Touch-CoffeeHouse-Espresso-Cappuccino-and-Latte-Maker-Grey/580411813
Mr. Coffee New Cafe Barista Black & Silver Premium Espresso/Latte/Cappuccino Maker,199.99,In stock,https://www.walmart.com/ip/Mr-Coffee-New-Cafe-Barista-Black-Silver-Premium-Espresso-Latte-Cappuccino-Maker/24293168?athbdg=L1100
"Chefman Digital Espresso Machine with Milk Frother, 15 Bar, Silver Stainless Steel, New",147.39,In stock,https://www.walmart.com/ip/Chefman-Digital-Espresso-Machine-with-Milk-Frother-15-Bar-Silver-Stainless-Steel-New/238492691?athbdg=L1100
"MIXFEER Dafino-206 Super Automatic Espresso & Coffee Machine, SILVER",675.5,In stock,https://www.walmart.com/ip/MIXFEER-Dafino-206-Super-Automatic-Espresso-Coffee-Machine-SILVER/1423189183
"Abanopi Dafino-206 Super Automatic Espresso & Coffee Machine, Black",701.99,In stock,https://www.walmart.com/ip/Abanopi-Dafino-206-Super-Automatic-Espresso-Coffee-Machine-Black/1778043598
Breville Nespresso VertuoPlus Deluxe Coffee and Espresso Single-Serve Machine in Piano Black,167.95,In stock,https://www.walmart.com/ip/Breville-Nespresso-VertuoPlus-Deluxe-Coffee-and-Espresso-Single-Serve-Machine-in-Piano-Black/399472586
"White Water Filter Coffee Filter for F7, F8, Z5 and Z6 Automatic Coffee Machine Impressa, Espresso,",17.48,In stock,https://www.walmart.com/ip/White-Water-Filter-Coffee-Filter-for-F7-F8-Z5-and-Z6-Automatic-Coffee-Machine-Impressa-Espresso/1123055675
"White Water Filter Coffee Filter for F7, F8, Z5 and Z6 Automatic Coffee Machine Impressa, Espresso,Capresso",17.04,In stock,https://www.walmart.com/ip/White-Water-Filter-Coffee-Filter-for-F7-F8-Z5-and-Z6-Automatic-Coffee-Machine-Impressa-Espresso-Capresso/1576553568
Coffee Dosage Aluminum Intelligent Espresso Dosing Funnel Replacement for 58mm Coffee Tamper Machine Accessories Black,15.21,In stock,https://www.walmart.com/ip/Coffee-Dosage-Aluminum-Intelligent-Espresso-Dosing-Funnel-Replacement-for-58mm-Coffee-Tamper-Machine-Accessories-Black/1711226805
"Hipresso Programmable Super-automatic Espresso Coffee Machine with Large 7 inches HD TFT Display for Brewing Americano,Cappuccino, Latte, Macchiato,Flat White, Espresso",764.99,In stock,https://www.walmart.com/ip/Hipresso-Programmable-Super-automatic-Espresso-Coffee-Machine-Large-7-inches-HD-TFT-Display-Brewing-Americano-Cappuccino-Latte-Macchiato-Flat-White/264148077?athbdg=L1700
GEVI Silver Stainless Steel 15 Bar Espresso Machine 2 Shot Pump Cappuccino Maker New Condition,134.99,In stock,https://www.walmart.com/ip/GEVI-Silver-Stainless-Steel-15-Bar-Espresso-Machine-2-Shot-Pump-Cappuccino-Maker-New-Condition/309843660
KitchenAid Semi-Automatic Espresso Machine - KES6403,349.99,In stock,https://www.walmart.com/ip/KitchenAid-Semi-Automatic-Espresso-Machine-KES6403/615473361
"Mr. Coffee New One-Touch CoffeeHouse Espresso, Cappuccino, and Latte Maker, Grey",349.99,In stock,https://www.walmart.com/ip/Mr-Coffee-New-One-Touch-CoffeeHouse-Espresso-Cappuccino-and-Latte-Maker-Grey/580411813
Mr. Coffee New Cafe Barista Black & Silver Premium Espresso/Latte/Cappuccino Maker,199.99,In stock,https://www.walmart.com/ip/Mr-Coffee-New-Cafe-Barista-Black-Silver-Premium-Espresso-Latte-Cappuccino-Maker/24293168?athbdg=L1100
"Chefman Digital Espresso Machine with Milk Frother, 15 Bar, Silver Stainless Steel, New",147.39,In stock,https://www.walmart.com/ip/Chefman-Digital-Espresso-Machine-with-Milk-Frother-15-Bar-Silver-Stainless-Steel-New/238492691?athbdg=L1100
Electric Coffee Grinder Automatic Beans Mill Portable Espresso Machine Maker Rechargeable for Home Trave Black,48.39,In stock,https://www.walmart.com/ip/Electric-Coffee-Grinder-Automatic-Beans-Mill-Portable-Espresso-Machine-Maker-Rechargeable-for-Home-Trave-Black/1711473879
"Dafino-206 Fully Automatic Espresso Machine,Automatically Alarm Water and Bean Shortage, Black",566.99,In stock,https://www.walmart.com/ip/Dafino-206-Fully-Automatic-Espresso-Machine-Automatically-Alarm-Water-and-Bean-Shortage-Black/951073642
Electric Coffee Grinder Automatic Beans Mill Portable Espresso Machine Maker for Cafe Home Travel USB Rechargeable Black,39.15,In stock,https://www.walmart.com/ip/Electric-Coffee-Grinder-Automatic-Beans-Mill-Portable-Espresso-Machine-Maker-for-Cafe-Home-Travel-USB-Rechargeable-Black/1888641209
" Dafino-202 Fully Automatic Espresso Machine, Black",789.99,In stock,https://www.walmart.com/ip/Dafino-202-Fully-Automatic-Espresso-Machine-Black/702191848
NUOLUX 1Pc Coffee Powder Bucket Semi-automatic Coffee Machine Espresso Powder Dump Bin,19.99,In stock,https://www.walmart.com/ip/NUOLUX-1Pc-Coffee-Powder-Bucket-Semi-automatic-Coffee-Machine-Espresso-Powder-Dump-Bin/1285660416
Electric Coffee Grinder Automatic Beans Mill Portable Espresso Machine Maker Rechargeable for Home Trave Silver,45.19,In stock,https://www.walmart.com/ip/Electric-Coffee-Grinder-Automatic-Beans-Mill-Portable-Espresso-Machine-Maker-Rechargeable-for-Home-Trave-Silver/1947022275
"Hipresso Programmable Super-automatic Espresso Coffee Machine with Large 7 inches HD TFT Display for Brewing Americano,Cappuccino, Latte, Macchiato,Flat White, Espresso",764.99,In stock,https://www.walmart.com/ip/Hipresso-Programmable-Super-automatic-Espresso-Coffee-Machine-Large-7-inches-HD-TFT-Display-Brewing-Americano-Cappuccino-Latte-Macchiato-Flat-White/264148077?athbdg=L1700
"Delonghi Digital S Automatic Espresso Machine, Cappuccino Maker - ECAM25462S (Certified Grade A)",999.95,In stock,https://www.walmart.com/ip/Delonghi-Digital-S-Automatic-Espresso-Machine-Cappuccino-Maker-ECAM25462S-Certified-Grade-A/675404411
KitchenAid Semi-Automatic Espresso Machine - KES6403,349.99,In stock,https://www.walmart.com/ip/KitchenAid-Semi-Automatic-Espresso-Machine-KES6403/615473361
"Mr. Coffee New One-Touch CoffeeHouse Espresso, Cappuccino, and Latte Maker, Grey",349.99,In stock,https://www.walmart.com/ip/Mr-Coffee-New-One-Touch-CoffeeHouse-Espresso-Cappuccino-and-Latte-Maker-Grey/580411813
Mr. Coffee New Cafe Barista Black & Silver Premium Espresso/Latte/Cappuccino Maker,199.99,In stock,https://www.walmart.com/ip/Mr-Coffee-New-Cafe-Barista-Black-Silver-Premium-Espresso-Latte-Cappuccino-Maker/24293168?athbdg=L1100
"Chefman Digital Espresso Machine with Milk Frother, 15 Bar, Silver Stainless Steel, New",147.39,In stock,https://www.walmart.com/ip/Chefman-Digital-Espresso-Machine-with-Milk-Frother-15-Bar-Silver-Stainless-Steel-New/238492691?athbdg=L1100
Intelligent Automatic Coffee Machine Espresso Coffee Maker for Home Office Travel,32.63,In stock,https://www.walmart.com/ip/Intelligent-Automatic-Coffee-Machine-Espresso-Coffee-Maker-for-Home-Office-Travel/415897806
Electric Coffee Grinder Automatic Beans Mill Portable Espresso Machine Maker for Cafe Home Travel USB Rechargeable,43.24,In stock,https://www.walmart.com/ip/Electric-Coffee-Grinder-Automatic-Beans-Mill-Portable-Espresso-Machine-Maker-for-Cafe-Home-Travel-USB-Rechargeable/1139128501
Electric Coffee Grinder Automatic Beans Mill Portable Espresso Machine Maker for Cafe Home Travel USB Rechargeable Black,40.59,In stock,https://www.walmart.com/ip/Electric-Coffee-Grinder-Automatic-Beans-Mill-Portable-Espresso-Machine-Maker-for-Cafe-Home-Travel-USB-Rechargeable-Black/1670726140
Electric Coffee Grinder Automatic Beans Mill Espresso Machine Maker,47.61,In stock,https://www.walmart.com/ip/Electric-Coffee-Grinder-Automatic-Beans-Mill-Espresso-Machine-Maker/1713320437
Electric Coffee Grinder Automatic Beans Mill Portable Espresso Machine Maker Rechargeable for Home Trave Black,43.5,In stock,https://www.walmart.com/ip/Electric-Coffee-Grinder-Automatic-Beans-Mill-Portable-Espresso-Machine-Maker-Rechargeable-for-Home-Trave-Black/1421228549
Electric Coffee Grinder Automatic Beans Mill Portable Espresso Machine Maker Rechargeable for Home Trave Silver,53.29,In stock,https://www.walmart.com/ip/Electric-Coffee-Grinder-Automatic-Beans-Mill-Portable-Espresso-Machine-Maker-Rechargeable-for-Home-Trave-Silver/1901299012
"Hipresso Programmable Super-automatic Espresso Coffee Machine with Large 7 inches HD TFT Display for Brewing Americano,Cappuccino, Latte, Macchiato,Flat White, Espresso",764.99,In stock,https://www.walmart.com/ip/Hipresso-Programmable-Super-automatic-Espresso-Coffee-Machine-Large-7-inches-HD-TFT-Display-Brewing-Americano-Cappuccino-Latte-Macchiato-Flat-White/264148077?athbdg=L1700
GEVI Silver Stainless Steel 15 Bar Espresso Machine 2 Shot Pump Cappuccino Maker New Condition,134.99,In stock,https://www.walmart.com/ip/GEVI-Silver-Stainless-Steel-15-Bar-Espresso-Machine-2-Shot-Pump-Cappuccino-Maker-New-Condition/309843660
KitchenAid Semi-Automatic Espresso Machine - KES6403,349.99,In stock,https://www.walmart.com/ip/KitchenAid-Semi-Automatic-Espresso-Machine-KES6403/615473361
"Mr. Coffee New One-Touch CoffeeHouse Espresso, Cappuccino, and Latte Maker, Grey",349.99,In stock,https://www.walmart.com/ip/Mr-Coffee-New-One-Touch-CoffeeHouse-Espresso-Cappuccino-and-Latte-Maker-Grey/580411813
Mr. Coffee New Cafe Barista Black & Silver Premium Espresso/Latte/Cappuccino Maker,199.99,In stock,https://www.walmart.com/ip/Mr-Coffee-New-Cafe-Barista-Black-Silver-Premium-Espresso-Latte-Cappuccino-Maker/24293168?athbdg=L1100
"Chefman Digital Espresso Machine with Milk Frother, 15 Bar, Silver Stainless Steel, New",147.39,In stock,https://www.walmart.com/ip/Chefman-Digital-Espresso-Machine-with-Milk-Frother-15-Bar-Silver-Stainless-Steel-New/238492691?athbdg=L1100
Electric Coffee Grinder Automatic Beans Mill Portable Espresso Machine Maker Rechargeable for Home Trave Silver,49.99,In stock,https://www.walmart.com/ip/Electric-Coffee-Grinder-Automatic-Beans-Mill-Portable-Espresso-Machine-Maker-Rechargeable-for-Home-Trave-Silver/2408436561
Electric Coffee Grinder Automatic Beans Mill Portable Espresso Machine Maker for Cafe Home Travel USB Rechargeable White,21.9,In stock,https://www.walmart.com/ip/Electric-Coffee-Grinder-Automatic-Beans-Mill-Portable-Espresso-Machine-Maker-for-Cafe-Home-Travel-USB-Rechargeable-White/2578713591
Electric Coffee Grinder Automatic Beans Mill Portable Espresso Machine Maker Rechargeable for Home Trave Blue,47.19,In stock,https://www.walmart.com/ip/Electric-Coffee-Grinder-Automatic-Beans-Mill-Portable-Espresso-Machine-Maker-Rechargeable-for-Home-Trave-Blue/2252806320
"Canddidliike Fully Automatic Coffee Machine, Automatic Coffee Maker, Espresso Machine Combo, Grinder - Black",604.89,In stock,https://www.walmart.com/ip/Canddidliike-Fully-Automatic-Coffee-Machine-Automatic-Coffee-Maker-Espresso-Machine-Combo-Grinder-Black/831840438
Homemaxs 1Pc Coffee Powder Bucket Semi-automatic Coffee Machine Espresso Powder Dump Bin,19.31,In stock,https://www.walmart.com/ip/Homemaxs-1Pc-Coffee-Powder-Bucket-Semi-automatic-Coffee-Machine-Espresso-Powder-Dump-Bin/1800777623
1Pc Coffee Powder Bucket Semi-automatic Coffee Machine Espresso Powder Dump Bin,18.99,In stock,https://www.walmart.com/ip/1Pc-Coffee-Powder-Bucket-Semi-automatic-Coffee-Machine-Espresso-Powder-Dump-Bin/1870545810
"Hipresso Programmable Super-automatic Espresso Coffee Machine with Large 7 inches HD TFT Display for Brewing Americano,Cappuccino, Latte, Macchiato,Flat White, Espresso",764.99,In stock,https://www.walmart.com/ip/Hipresso-Programmable-Super-automatic-Espresso-Coffee-Machine-Large-7-inches-HD-TFT-Display-Brewing-Americano-Cappuccino-Latte-Macchiato-Flat-White/264148077?athbdg=L1700
"Delonghi Digital S Automatic Espresso Machine, Cappuccino Maker - ECAM25462S (Certified Grade A)",999.95,In stock,https://www.walmart.com/ip/Delonghi-Digital-S-Automatic-Espresso-Machine-Cappuccino-Maker-ECAM25462S-Certified-Grade-A/675404411
KitchenAid Semi-Automatic Espresso Machine - KES6403,349.99,In stock,https://www.walmart.com/ip/KitchenAid-Semi-Automatic-Espresso-Machine-KES6403/615473361
"Mr. Coffee New One-Touch CoffeeHouse Espresso, Cappuccino, and Latte Maker, Grey",349.99,In stock,https://www.walmart.com/ip/Mr-Coffee-New-One-Touch-CoffeeHouse-Espresso-Cappuccino-and-Latte-Maker-Grey/580411813
Mr. Coffee New Cafe Barista Black & Silver Premium Espresso/Latte/Cappuccino Maker,199.99,In stock,https://www.walmart.com/ip/Mr-Coffee-New-Cafe-Barista-Black-Silver-Premium-Espresso-Latte-Cappuccino-Maker/24293168?athbdg=L1100
"Chefman Digital Espresso Machine with Milk Frother, 15 Bar, Silver Stainless Steel, New",147.39,In stock,https://www.walmart.com/ip/Chefman-Digital-Espresso-Machine-with-Milk-Frother-15-Bar-Silver-Stainless-Steel-New/238492691?athbdg=L1100
"Delonghi ECAM44660W Eletta Plus Cappuccino Espresso Machine, White (Certified Used - Grade A)",1299.95,In stock,https://www.walmart.com/ip/Delonghi-ECAM44660W-Eletta-Plus-Cappuccino-Espresso-Machine-White-Certified-Used-Grade-A/920619019
"Bene Casa 4-cup stainless-steel espresso maker with steam frother function, cappuccino maker, latte maker, automatic coffee maker",142.99,In stock,https://www.walmart.com/ip/Bene-Casa-4-cup-stainless-steel-espresso-maker-with-steam-frother-function-cappuccino-maker-latte-maker-automatic-coffee-maker/847607301
La Pavoni Commercial Volumetric Espresso Machine (Black),6900,In stock,https://www.walmart.com/ip/La-Pavoni-Commercial-Volumetric-Espresso-Machine-Black/39501535
"Geek Chef Espresso Machine 20 Bar, Professional Espresso Maker with Milk Frother Steam Wand, Compact Espresso Coffee Machine with 1.5L Removable Water Tank for Cappuccino, Latte, Macchiato",135.99,In stock,https://www.walmart.com/ip/Geek-Chef-Espresso-Machine-20-Bar-Professional-Maker-Milk-Frother-Steam-Wand-Compact-Coffee-1-5L-Removable-Water-Tank-Cappuccino-Latte-Macchiato/1454859485
"Promotion! Espresso Machine for Home Barista Milk Steam Frother Wand, for Espresso, Cappuccino and Latte,travel espresso maker",611.88,In stock,https://www.walmart.com/ip/Promotion-Espresso-Machine-for-Home-Barista-Milk-Steam-Frother-Wand-for-Espresso-Cappuccino-and-Latte-travel-espresso-maker/1290936913
"Mr. Coffee One-Touch CoffeeHouse Espresso and Cappuccino Machine, Black",295.71,In stock,https://www.walmart.com/ip/Mr-Coffee-One-Touch-CoffeeHouse-Espresso-and-Cappuccino-Machine-Black/976339136
"Hipresso Programmable Super-automatic Espresso Coffee Machine with Large 7 inches HD TFT Display for Brewing Americano,Cappuccino, Latte, Macchiato,Flat White, Espresso",764.99,In stock,https://www.walmart.com/ip/Hipresso-Programmable-Super-automatic-Espresso-Coffee-Machine-Large-7-inches-HD-TFT-Display-Brewing-Americano-Cappuccino-Latte-Macchiato-Flat-White/264148077?athbdg=L1700
"Delonghi Digital S Automatic Espresso Machine, Cappuccino Maker - ECAM25462S (Certified Grade A)",999.95,In stock,https://www.walmart.com/ip/Delonghi-Digital-S-Automatic-Espresso-Machine-Cappuccino-Maker-ECAM25462S-Certified-Grade-A/675404411
KitchenAid Semi-Automatic Espresso Machine - KES6403,349.99,In stock,https://www.walmart.com/ip/KitchenAid-Semi-Automatic-Espresso-Machine-KES6403/615473361
"Mr. Coffee New One-Touch CoffeeHouse Espresso, Cappuccino, and Latte Maker, Grey",349.99,In stock,https://www.walmart.com/ip/Mr-Coffee-New-One-Touch-CoffeeHouse-Espresso-Cappuccino-and-Latte-Maker-Grey/580411813
Mr. Coffee New Cafe Barista Black & Silver Premium Espresso/Latte/Cappuccino Maker,199.99,In stock,https://www.walmart.com/ip/Mr-Coffee-New-Cafe-Barista-Black-Silver-Premium-Espresso-Latte-Cappuccino-Maker/24293168?athbdg=L1100
"Chefman Digital Espresso Machine with Milk Frother, 15 Bar, Silver Stainless Steel, New",147.39,In stock,https://www.walmart.com/ip/Chefman-Digital-Espresso-Machine-with-Milk-Frother-15-Bar-Silver-Stainless-Steel-New/238492691?athbdg=L1100
"Nespresso GCA1-US-CH-NE VertuoLine Coffee and Espresso Maker, Chrome (Discontinued Model)",468.99,In stock,https://www.walmart.com/ip/Nespresso-GCA1-US-CH-NE-VertuoLine-Coffee-and-Espresso-Maker-Chrome-Discontinued-Model/1035796737
Coffee Machine Automatic Dual-use 450W Drip Coffee Maker Stainless Steel Steam Coffee Espresso Machine With 2 Cup Coffe Tea Maker,40.99,In stock,https://www.walmart.com/ip/Coffee-Machine-Automatic-Dual-use-450W-Drip-Coffee-Maker-Stainless-Steel-Steam-Coffee-Espresso-Machine-With-2-Cup-Coffe-Tea-Maker/507258917
"Brim 19 Bar Espresso Machine Maker, Silver",391.4,In stock,https://www.walmart.com/ip/Brim-19-Bar-Espresso-Machine-Maker-Silver/435019559
Philips 3200 EP3241 Coffee/Espresso Machine,957.86,In stock,https://www.walmart.com/ip/Philips-3200-EP3241-Coffee-Espresso-Machine/524387047
"Descaler & Cleaner (3 Uses) - MADE IN USA - Descaling Solution for Keurig Brewers, Nespresso, Delonghi, Breville & All Coffee Makers & Espresso Machines",14.99,In stock,https://www.walmart.com/ip/Descaler-Cleaner-3-Uses-MADE-IN-USA-Descaling-Solution-Keurig-Brewers-Nespresso-Delonghi-Breville-All-Coffee-Makers-Espresso-Machines/861148645
Coffee Machine Bottomless Handle for Semi Automatic M10,13.71,In stock,https://www.walmart.com/ip/Coffee-Machine-Bottomless-Handle-for-Semi-Automatic-M10/687563421
"Hipresso Programmable Super-automatic Espresso Coffee Machine with Large 7 inches HD TFT Display for Brewing Americano,Cappuccino, Latte, Macchiato,Flat White, Espresso",764.99,In stock,https://www.walmart.com/ip/Hipresso-Programmable-Super-automatic-Espresso-Coffee-Machine-Large-7-inches-HD-TFT-Display-Brewing-Americano-Cappuccino-Latte-Macchiato-Flat-White/264148077?athbdg=L1700
"Delonghi Digital S Automatic Espresso Machine, Cappuccino Maker - ECAM25462S (Certified Grade A)",999.95,In stock,https://www.walmart.com/ip/Delonghi-Digital-S-Automatic-Espresso-Machine-Cappuccino-Maker-ECAM25462S-Certified-Grade-A/675404411
KitchenAid Semi-Automatic Espresso Machine - KES6403,349.99,In stock,https://www.walmart.com/ip/KitchenAid-Semi-Automatic-Espresso-Machine-KES6403/615473361
"Mr. Coffee New One-Touch CoffeeHouse Espresso, Cappuccino, and Latte Maker, Grey",349.99,In stock,https://www.walmart.com/ip/Mr-Coffee-New-One-Touch-CoffeeHouse-Espresso-Cappuccino-and-Latte-Maker-Grey/580411813
Mr. Coffee New Cafe Barista Black & Silver Premium Espresso/Latte/Cappuccino Maker,199.99,In stock,https://www.walmart.com/ip/Mr-Coffee-New-Cafe-Barista-Black-Silver-Premium-Espresso-Latte-Cappuccino-Maker/24293168?athbdg=L1100
"Chefman Digital Espresso Machine with Milk Frother, 15 Bar, Silver Stainless Steel, New",147.39,In stock,https://www.walmart.com/ip/Chefman-Digital-Espresso-Machine-with-Milk-Frother-15-Bar-Silver-Stainless-Steel-New/238492691?athbdg=L1100
GEVI 15 Bar Used-Good Black Espresso Machine Cafe Steam Maker,89.99,In stock,https://www.walmart.com/ip/GEVI-15-Bar-Used-Good-Black-Espresso-Machine-Cafe-Steam-Maker/295399887
"Espresso Machine Cappuccino Coffee Maker 19 Bar Fast Heating System with Milk Frother for Espresso/Cappuccino/Latte/Moka Brewing,Cups Choices Button,1300W(Black)",142.79,In stock,https://www.walmart.com/ip/Espresso-Machine-Cappuccino-Coffee-Maker-19-Bar-Fast-Heating-System-Milk-Frother-Espresso-Cappuccino-Latte-Moka-Brewing-Cups-Choices-Button-1300W-Bla/1532092222
Gevi Black Espresso Machine 15 Bar Pump Pressure (Used -very Good Condition),87.99,In stock,https://www.walmart.com/ip/Gevi-Black-Espresso-Machine-15-Bar-Pump-Pressure-Used-very-Good-Condition/398818700
ALEXXO Supplied By Black Single Serving Espresso Machine,147.26,In stock,https://www.walmart.com/ip/ALEXXO-Supplied-By-Black-Single-Serving-Espresso-Machine/1181489621
"Espresso Machine Cappuccino Coffee Maker 19 Bar Fast Heating System with Milk Frother for Espresso/Cappuccino/Latte/Moka Brewing,Cups Choices Button,1300W(Black)",142.79,In stock,https://www.walmart.com/ip/Espresso-Machine-Cappuccino-Coffee-Maker-19-Bar-Fast-Heating-System-Milk-Frother-Espresso-Cappuccino-Latte-Moka-Brewing-Cups-Choices-Button-1300W-Bla/2796353238
Yabuy Manually Operated Portable Coffee Maker Espresso Machine Mini Coffee Maker,25.99,In stock,https://www.walmart.com/ip/Yabuy-Manually-Operated-Portable-Coffee-Maker-Espresso-Machine-Mini-Coffee-Maker/1810788078
"Hipresso Programmable Super-automatic Espresso Coffee Machine with Large 7 inches HD TFT Display for Brewing Americano,Cappuccino, Latte, Macchiato,Flat White, Espresso",764.99,In stock,https://www.walmart.com/ip/Hipresso-Programmable-Super-automatic-Espresso-Coffee-Machine-Large-7-inches-HD-TFT-Display-Brewing-Americano-Cappuccino-Latte-Macchiato-Flat-White/264148077?athbdg=L1700
"Delonghi Digital S Automatic Espresso Machine, Cappuccino Maker - ECAM25462S (Certified Grade A)",999.95,In stock,https://www.walmart.com/ip/Delonghi-Digital-S-Automatic-Espresso-Machine-Cappuccino-Maker-ECAM25462S-Certified-Grade-A/675404411
KitchenAid Semi-Automatic Espresso Machine - KES6403,349.99,In stock,https://www.walmart.com/ip/KitchenAid-Semi-Automatic-Espresso-Machine-KES6403/615473361
"Mr. Coffee New One-Touch CoffeeHouse Espresso, Cappuccino, and Latte Maker, Grey",349.99,In stock,https://www.walmart.com/ip/Mr-Coffee-New-One-Touch-CoffeeHouse-Espresso-Cappuccino-and-Latte-Maker-Grey/580411813
Mr. Coffee New Cafe Barista Black & Silver Premium Espresso/Latte/Cappuccino Maker,199.99,In stock,https://www.walmart.com/ip/Mr-Coffee-New-Cafe-Barista-Black-Silver-Premium-Espresso-Latte-Cappuccino-Maker/24293168?athbdg=L1100
"Chefman Digital Espresso Machine with Milk Frother, 15 Bar, Silver Stainless Steel, New",147.39,In stock,https://www.walmart.com/ip/Chefman-Digital-Espresso-Machine-with-Milk-Frother-15-Bar-Silver-Stainless-Steel-New/238492691?athbdg=L1100
Coffee Machines Semi Automatic Pump Press with Milk Frother Wand Compact Design,380.91,In stock,https://www.walmart.com/ip/Coffee-Machines-Semi-Automatic-Pump-Press-with-Milk-Frother-Wand-Compact-Design/1724151296
JUHigh 1000ml Stainless Steel Automatic Electric Household Yoghurt Maker DIY Machine,29.27,In stock,https://www.walmart.com/ip/JUHigh-1000ml-Stainless-Steel-Automatic-Electric-Household-Yoghurt-Maker-DIY-Machine/327686031
Intelligent Automatic Coffee Machine Maker for Home Office,33.83,In stock,https://www.walmart.com/ip/Intelligent-Automatic-Coffee-Machine-Maker-for-Home-Office/353428557
"JURA S8 Automatic Coffee Machine, Chrome",3528.99,In stock,https://www.walmart.com/ip/JURA-S8-Automatic-Coffee-Machine-Chrome/2227618642
"Jura 15093 Automatic Coffee Machine Z6, Aluminum",6775.99,In stock,https://www.walmart.com/ip/Jura-15093-Automatic-Coffee-Machine-Z6-Aluminum/2023811258
JURA E8 Chrome Automatic Coffee Machine,3318.99,In stock,https://www.walmart.com/ip/JURA-E8-Chrome-Automatic-Coffee-Machine/2953538448
"Hipresso Programmable Super-automatic Espresso Coffee Machine with Large 7 inches HD TFT Display for Brewing Americano,Cappuccino, Latte, Macchiato,Flat White, Espresso",764.99,In stock,https://www.walmart.com/ip/Hipresso-Programmable-Super-automatic-Espresso-Coffee-Machine-Large-7-inches-HD-TFT-Display-Brewing-Americano-Cappuccino-Latte-Macchiato-Flat-White/264148077?athbdg=L1700
GEVI Silver Stainless Steel 15 Bar Espresso Machine 2 Shot Pump Cappuccino Maker New Condition,134.99,In stock,https://www.walmart.com/ip/GEVI-Silver-Stainless-Steel-15-Bar-Espresso-Machine-2-Shot-Pump-Cappuccino-Maker-New-Condition/309843660
KitchenAid Semi-Automatic Espresso Machine - KES6403,349.99,In stock,https://www.walmart.com/ip/KitchenAid-Semi-Automatic-Espresso-Machine-KES6403/615473361
"Mr. Coffee New One-Touch CoffeeHouse Espresso, Cappuccino, and Latte Maker, Grey",349.99,In stock,https://www.walmart.com/ip/Mr-Coffee-New-One-Touch-CoffeeHouse-Espresso-Cappuccino-and-Latte-Maker-Grey/580411813
Mr. Coffee New Cafe Barista Black & Silver Premium Espresso/Latte/Cappuccino Maker,199.99,In stock,https://www.walmart.com/ip/Mr-Coffee-New-Cafe-Barista-Black-Silver-Premium-Espresso-Latte-Cappuccino-Maker/24293168?athbdg=L1100
"Chefman Digital Espresso Machine with Milk Frother, 15 Bar, Silver Stainless Steel, New",147.39,In stock,https://www.walmart.com/ip/Chefman-Digital-Espresso-Machine-with-Milk-Frother-15-Bar-Silver-Stainless-Steel-New/238492691?athbdg=L1100
Breville Nespresso Essenza Mini Single-Serve Machine in Piano Black,166.57,In stock,https://www.walmart.com/ip/Breville-Nespresso-Essenza-Mini-Single-Serve-Machine-in-Piano-Black/873423317
"Turkish Coffee Maker  Electric Turkish/Greek Coffee Machine  Automatic Turkish Coffee Pot with 3 Temperature Settings, Auto Touch Keypad  BPA-Free Electric Coffee Pot",43.95,In stock,https://www.walmart.com/ip/Turkish-Coffee-Maker-Electric-Turkish-Greek-Machine-Automatic-Pot-3-Temperature-Settings-Auto-Touch-Keypad-BPA-Free/986047809
"Mr. Coffee New One-Touch CoffeeHouse Espresso, Cappuccino, and Latte Maker, White",399.99,In stock,https://www.walmart.com/ip/Mr-Coffee-New-One-Touch-CoffeeHouse-Espresso-Cappuccino-and-Latte-Maker-White/726421847
Hamilton Beach Espresso Maker | Model# 40725,138.99,In stock,https://www.walmart.com/ip/Hamilton-Beach-Espresso-Maker-Model-40725/173985180
"Mr. Coffee New One-Touch CoffeeHouse Espresso, Cappuccino, and Latte Maker, Grey",349.99,In stock,https://www.walmart.com/ip/Mr-Coffee-New-One-Touch-CoffeeHouse-Espresso-Cappuccino-and-Latte-Maker-Grey/580411813
"Hamilton Beach 12 Cup Coffee Maker, Front Fill, Removable Reservoir, 46203",54,In stock,https://www.walmart.com/ip/Hamilton-Beach-12-Cup-Coffee-Maker-Front-Fill-Removable-Reservoir-46203/108022620
"Hipresso Programmable Super-automatic Espresso Coffee Machine with Large 7 inches HD TFT Display for Brewing Americano,Cappuccino, Latte, Macchiato,Flat White, Espresso",764.99,In stock,https://www.walmart.com/ip/Hipresso-Programmable-Super-automatic-Espresso-Coffee-Machine-Large-7-inches-HD-TFT-Display-Brewing-Americano-Cappuccino-Latte-Macchiato-Flat-White/264148077?athbdg=L1700
GEVI Silver Stainless Steel 15 Bar Espresso Machine 2 Shot Pump Cappuccino Maker New Condition,134.99,In stock,https://www.walmart.com/ip/GEVI-Silver-Stainless-Steel-15-Bar-Espresso-Machine-2-Shot-Pump-Cappuccino-Maker-New-Condition/309843660
KitchenAid Semi-Automatic Espresso Machine - KES6403,349.99,In stock,https://www.walmart.com/ip/KitchenAid-Semi-Automatic-Espresso-Machine-KES6403/615473361
"Mr. Coffee New One-Touch CoffeeHouse Espresso, Cappuccino, and Latte Maker, Grey",349.99,In stock,https://www.walmart.com/ip/Mr-Coffee-New-One-Touch-CoffeeHouse-Espresso-Cappuccino-and-Latte-Maker-Grey/580411813
Mr. Coffee New Cafe Barista Black & Silver Premium Espresso/Latte/Cappuccino Maker,199.99,In stock,https://www.walmart.com/ip/Mr-Coffee-New-Cafe-Barista-Black-Silver-Premium-Espresso-Latte-Cappuccino-Maker/24293168?athbdg=L1100
"Chefman Digital Espresso Machine with Milk Frother, 15 Bar, Silver Stainless Steel, New",147.39,In stock,https://www.walmart.com/ip/Chefman-Digital-Espresso-Machine-with-Milk-Frother-15-Bar-Silver-Stainless-Steel-New/238492691?athbdg=L1100
6pcs/set Milk Cappuccino Makers Electric Semi-automatic Handheld,16.92,In stock,https://www.walmart.com/ip/6pcs-set-Milk-Cappuccino-Makers-Electric-Semi-automatic-Handheld/1263377048?athbdg=L1700
KRUPS F054 Descaling Powder for Kettles Coffee and Espresso Makers Fully Auto Machines EA8442 And EA8250,16.51,In stock,https://www.walmart.com/ip/KRUPS-F054-Descaling-Powder-for-Kettles-Coffee-and-Espresso-Makers-Fully-Auto-Machines-EA8442-And-EA8250/561123900
Manually Operated Portable Coffee Maker Espresso Machine Mini Coffee Maker,30.01,In stock,https://www.walmart.com/ip/Manually-Operated-Portable-Coffee-Maker-Espresso-Machine-Mini-Coffee-Maker/317231944
Krups XS3000 Fully Automatic Machines Cleaning Tablets 10 Count Genuine,15.33,In stock,https://www.walmart.com/ip/Krups-XS3000-Fully-Automatic-Machines-Cleaning-Tablets-10-Count-Genuine/621112608
Manually Operated Portable Coffee Maker Espresso Machine Mini Coffee Maker,28.43,In stock,https://www.walmart.com/ip/Manually-Operated-Portable-Coffee-Maker-Espresso-Machine-Mini-Coffee-Maker/498042731
Semi-Automatic Coffee Machine Clean Brushes Long Handle Nylon Cleaner Espresso Machine Clean Brush Coffee Grinder Cleaning Tool for Barista,17.74,In stock,https://www.walmart.com/ip/Semi-Automatic-Coffee-Machine-Clean-Brushes-Long-Handle-Nylon-Cleaner-Espresso-Machine-Clean-Brush-Coffee-Grinder-Cleaning-Tool-for-Barista/940268583
"Hipresso Programmable Super-automatic Espresso Coffee Machine with Large 7 inches HD TFT Display for Brewing Americano,Cappuccino, Latte, Macchiato,Flat White, Espresso",764.99,In stock,https://www.walmart.com/ip/Hipresso-Programmable-Super-automatic-Espresso-Coffee-Machine-Large-7-inches-HD-TFT-Display-Brewing-Americano-Cappuccino-Latte-Macchiato-Flat-White/264148077?athbdg=L1700
"Delonghi Digital S Automatic Espresso Machine, Cappuccino Maker - ECAM25462S (Certified Grade A)",999.95,In stock,https://www.walmart.com/ip/Delonghi-Digital-S-Automatic-Espresso-Machine-Cappuccino-Maker-ECAM25462S-Certified-Grade-A/675404411
KitchenAid Semi-Automatic Espresso Machine - KES6403,349.99,In stock,https://www.walmart.com/ip/KitchenAid-Semi-Automatic-Espresso-Machine-KES6403/615473361
"Mr. Coffee New One-Touch CoffeeHouse Espresso, Cappuccino, and Latte Maker, Grey",349.99,In stock,https://www.walmart.com/ip/Mr-Coffee-New-One-Touch-CoffeeHouse-Espresso-Cappuccino-and-Latte-Maker-Grey/580411813
Mr. Coffee New Cafe Barista Black & Silver Premium Espresso/Latte/Cappuccino Maker,199.99,In stock,https://www.walmart.com/ip/Mr-Coffee-New-Cafe-Barista-Black-Silver-Premium-Espresso-Latte-Cappuccino-Maker/24293168?athbdg=L1100
"Chefman Digital Espresso Machine with Milk Frother, 15 Bar, Silver Stainless Steel, New",147.39,In stock,https://www.walmart.com/ip/Chefman-Digital-Espresso-Machine-with-Milk-Frother-15-Bar-Silver-Stainless-Steel-New/238492691?athbdg=L1100
"Manual Coffee Machine, Mute Automatic Non-Slip Base W/ Bean Container 400 ml 13.53 Coffeemaker, for Outdoor Hiking Camping Maker Espresso",82.46,In stock,https://www.walmart.com/ip/Manual-Coffee-Machine-Mute-Automatic-Non-Slip-Base-W-Bean-Container-400-ml-13-53-Coffeemaker-for-Outdoor-Hiking-Camping-Maker-Espresso/1183235713?athbdg=L1700
"Portable Coffee Maker, Mini Semi-Automatic Coffee Machine Compact Coffee Grinding Equipment Stainless Electric Chargeable Espresso Machine for Outdoor Home Camping Picnic Travel",63.04,In stock,https://www.walmart.com/ip/Portable-Coffee-Maker-Mini-Semi-Automatic-Machine-Compact-Grinding-Equipment-Stainless-Electric-Chargeable-Espresso-Outdoor-Home-Camping-Picnic-Trave/1655950772
"Portable Coffee Maker, Mini Semi-Automatic Coffee Machine Compact Coffee Grinding Equipment Stainless Electric Chargeable Espresso Machine for Outdoor Home Camping Picnic Travel",57.99,In stock,https://www.walmart.com/ip/Portable-Coffee-Maker-Mini-Semi-Automatic-Machine-Compact-Grinding-Equipment-Stainless-Electric-Chargeable-Espresso-Outdoor-Home-Camping-Picnic-Trave/2847130877
"Portable Coffee Maker, Mini Semi-Automatic Coffee Machine Compact Coffee Grinding Equipment Stainless Electric Chargeable Espresso Machine for Outdoor Home Camping Picnic Travel",61.36,In stock,https://www.walmart.com/ip/Portable-Coffee-Maker-Mini-Semi-Automatic-Machine-Compact-Grinding-Equipment-Stainless-Electric-Chargeable-Espresso-Outdoor-Home-Camping-Picnic-Trave/2481282970
"Espresso Machine, 15 Bar Fast Heating Espresso Coffee machine with Milk Frother Wand for Cappuccino, 37oz Large Water Tank, 1350W, Automatic Espresso Latte Maker for Home, Compact Design",195.99,In stock,https://www.walmart.com/ip/Espresso-Machine-15-Bar-Fast-Heating-Coffee-machine-Milk-Frother-Wand-Cappuccino-37oz-Large-Water-Tank-1350W-Automatic-Latte-Maker-Home-Compact-Desig/2014805018
"Bilu Tools Automatic Darkening Welding Glasses Welding Special Sunglasses Welding Anti-Arc Eye Protection Glasses Mask, Espresso Machine Black",15.27,In stock,https://www.walmart.com/ip/Bilu-Tools-Automatic-Darkening-Welding-Glasses-Welding-Special-Sunglasses-Welding-Anti-Arc-Eye-Protection-Glasses-Mask-Espresso-Machine-Black/2069735198
"Hipresso Programmable Super-automatic Espresso Coffee Machine with Large 7 inches HD TFT Display for Brewing Americano,Cappuccino, Latte, Macchiato,Flat White, Espresso",764.99,In stock,https://www.walmart.com/ip/Hipresso-Programmable-Super-automatic-Espresso-Coffee-Machine-Large-7-inches-HD-TFT-Display-Brewing-Americano-Cappuccino-Latte-Macchiato-Flat-White/264148077?athbdg=L1700
GEVI Silver Stainless Steel 15 Bar Espresso Machine 2 Shot Pump Cappuccino Maker New Condition,134.99,In stock,https://www.walmart.com/ip/GEVI-Silver-Stainless-Steel-15-Bar-Espresso-Machine-2-Shot-Pump-Cappuccino-Maker-New-Condition/309843660
KitchenAid Semi-Automatic Espresso Machine - KES6403,349.99,In stock,https://www.walmart.com/ip/KitchenAid-Semi-Automatic-Espresso-Machine-KES6403/615473361
"Mr. Coffee New One-Touch CoffeeHouse Espresso, Cappuccino, and Latte Maker, Grey",349.99,In stock,https://www.walmart.com/ip/Mr-Coffee-New-One-Touch-CoffeeHouse-Espresso-Cappuccino-and-Latte-Maker-Grey/580411813
Mr. Coffee New Cafe Barista Black & Silver Premium Espresso/Latte/Cappuccino Maker,199.99,In stock,https://www.walmart.com/ip/Mr-Coffee-New-Cafe-Barista-Black-Silver-Premium-Espresso-Latte-Cappuccino-Maker/24293168?athbdg=L1100
"Chefman Digital Espresso Machine with Milk Frother, 15 Bar, Silver Stainless Steel, New",147.39,In stock,https://www.walmart.com/ip/Chefman-Digital-Espresso-Machine-with-Milk-Frother-15-Bar-Silver-Stainless-Steel-New/238492691?athbdg=L1100
Breville Nespresso Vertuo BNV250BLK1BUC1 - Coffee machine - 19 bar - black,275.7,In stock,https://www.walmart.com/ip/Breville-Nespresso-Vertuo-BNV250BLK1BUC1-Coffee-machine-19-bar-black/921308438
"Mr. Coffee 4-in-1 Single-Serve Latte Lux, Iced, and Hot Coffee Maker, Gray",149.99,In stock,https://www.walmart.com/ip/Mr-Coffee-4-in-1-Single-Serve-Latte-Lux-Iced-and-Hot-Coffee-Maker-Gray/1674993153?athbdg=L1100
"MLfire Milk Frother Automatic Handheld Milk Foam Maker, Whisk Beater Foamer Maker for Egg Latte Cappuccino Hot Chocolate Matcha Home Kitchen Coffee Mini Drink Mixer Tool",10.99,In stock,https://www.walmart.com/ip/MLfire-Milk-Frother-Automatic-Handheld-Foam-Maker-Whisk-Beater-Foamer-Maker-Egg-Latte-Cappuccino-Hot-Chocolate-Matcha-Home-Kitchen-Coffee-Mini-Drink-/918225443
Home Craft 30 Cup Stainless Steel Coffee Urn,59.99,In stock,https://www.walmart.com/ip/Home-Craft-30-Cup-Stainless-Steel-Coffee-Urn/106947920
"Lime-A-Way Dip-It Coffeemaker Cleaner, Descaler & Cleaner for Drip & Single Serve Coffee Machines 7 oz (Pack of 2)",29.52,In stock,https://www.walmart.com/ip/Lime-A-Way-Dip-It-Coffeemaker-Cleaner-Descaler-Cleaner-for-Drip-Single-Serve-Coffee-Machines-7-oz-Pack-of-2/728671743
"Coffee Pro CP100 100-Cup Percolating Urn, Stainless Steel",129.95,In stock,https://www.walmart.com/ip/Coffee-Pro-CP100-100-Cup-Percolating-Urn-Stainless-Steel/21713856
"Hipresso Programmable Super-automatic Espresso Coffee Machine with Large 7 inches HD TFT Display for Brewing Americano,Cappuccino, Latte, Macchiato,Flat White, Espresso",764.99,In stock,https://www.walmart.com/ip/Hipresso-Programmable-Super-automatic-Espresso-Coffee-Machine-Large-7-inches-HD-TFT-Display-Brewing-Americano-Cappuccino-Latte-Macchiato-Flat-White/264148077?athbdg=L1700
GEVI Silver Stainless Steel 15 Bar Espresso Machine 2 Shot Pump Cappuccino Maker New Condition,134.99,In stock,https://www.walmart.com/ip/GEVI-Silver-Stainless-Steel-15-Bar-Espresso-Machine-2-Shot-Pump-Cappuccino-Maker-New-Condition/309843660
